Nom,Ville / region,Ancien_contact,Nouveau_contact,Ancien_tel,Nouveau_tel,Ancien_statut,Nouveau_statut,Source URL,Notes_enrichissement
Supperclub Amsterdam,Amsterdam,+31 6 28725217,sales@supper.nl / info@supper.nl,+31 6 28725217,+31 6 28725217 / +31 20 2050 221,a verifier,verifie email,https://supper.nl/private-events/,Email sales officiel private events + WhatsApp/telephone.
LuminAir Amsterdam,Amsterdam,contact via site,reservations@luminairamsterdam.com / AMSCS_LuminAir@hilton.com,a completer,+31 20 530 0875,a verifier,email secondaire,https://www.luminairamsterdam.com/program,Contacts publics reservations/venue ; pas de mail booking artiste direct.
Zoku Amsterdam Rooftop,Amsterdam,contact via site,contact via site officiel events,a completer,a completer,a verifier,contact via site,https://livezoku.com/amsterdam/events/live-music-house-of-jungle/,Pas de mail direct public fiable repere ; garder comme piste hotel/rooftop.
TOFFLER Rotterdam,Rotterdam,contact via site,info@toffler.nl,a completer,a completer,a verifier,verifie email,https://www.toffler.nl/,Email general officiel club.
Grounds Rotterdam,Rotterdam,contact via site,info@grounds.nu,a completer,+31 6 23733246,a verifier,verifie email,https://www.grounds.nu/en/friends/,Email officiel Grounds ; salle pertinente world/afrobeat/Brazil.
CONTACT Amsterdam,Amsterdam,info@contactamsterdam.nl,info@contactamsterdam.nl,a completer,a completer,a verifier,verifie email,https://www.instagram.com/contactamsterdam/,"Email deja present, statut corrige."
Bar Twenty Two,Amsterdam,contact via site,contact via ADE / site lieu a verifier,a completer,a completer,a verifier,a verifier,https://www.amsterdam-dance-event.nl/en/program/2026/born-house-records-showcase-2026/2807372/,ADE confirme piste house ; mail direct du lieu non trouve.
Bar-Restaurant Van de Werf,Amsterdam,contact via site,contact via site officiel,a completer,a completer,a verifier,a verifier,https://www.amsterdam-dance-event.nl/en/program/2026/welcome-to-the-club/2811375/,Piste ADE ; mail direct non trouve dans cette passe.
WestWeelde,Amsterdam,contact via site,contact via site officiel,a completer,a completer,a verifier,a verifier,https://www.amsterdam-dance-event.nl/en/program/2026/fabric-x-loud-contact/2805830/,Piste ADE ; mail direct non trouve dans cette passe.
Annabel Rotterdam,Rotterdam,contact via site,contact via site officiel,a completer,a completer,a verifier,contact via site,https://annabel.nu/,"Site officiel confirme programmation club/concerts, mail public direct non repere."
PIP Den Haag,Den Haag,contact via site,alles@pipdenhaag.nl,a completer,a completer,a verifier,verifie email,https://pipdenhaag.nl/,Email officiel public PIP Den Haag.
Simplon Groningen,Groningen,contact via site,programma@simplon.nl / productie@simplon.nl,+31 50 318 4150,+31 50 318 4150,a verifier,verifie email,https://simplon.nl/contact/,Emails programme/production officiels.
SambaRoots Amsterdam,Amsterdam,contact via site,fala@samba-roots.com,,a completer,a verifier,verifie email,https://samba-roots.com/,Email officiel SambaRoots.
Bambas Roda de Samba,Amsterdam / Pays-Bas,contact via site,info@bambasrodadesamba.com,WhatsApp via formulaire,WhatsApp via formulaire,a verifier,verifie email,https://www.bambasrodadesamba.com/,Email officiel Bambas Roda de Samba.
BIMHUIS / Roda de Samba,Amsterdam,contact via site,booking@bimhuis.nl / verhuur@bimhuis.nl,,+31 20 788 2150,a verifier,verifie email,https://www.bimhuis.nl/en/calendar/roda-de-samba,Emails booking/location publics BIMHUIS.
A Hora do Brasil Foundation / Brazilian Summer Sessions,Amsterdam,contact via site,contact via DutchCulture / organisation a verifier,,a completer,a verifier,a verifier,https://dutchculture.nl/en/location/hora-do-brasil-foundation,Piste pertinente Bresil ; mail direct non repere.
Dias Latinos,Amersfoort,contact via site,info@diaslatinos.nl / pers@diaslatinos.nl,,a completer,a verifier,verifie email,https://www.diaslatinos.nl/,Emails officiels festival.
Summer Dance Forever,Amsterdam,contact via site,info@summerdanceforever.com,,a completer,a verifier,verifie email,https://www.summerdanceforever.com/festival,Email officiel festival.
A Hora do Brasil / Brazilian Summer Sessions,Amsterdam,contact via site,contact via DutchCulture / organisation a verifier,,a completer,a verifier,a verifier,https://dutchculture.nl/en/location/hora-do-brasil-foundation,Piste pertinente Bresil ; mail direct non repere.
Roda de Samba / BIMHUIS,Amsterdam,contact via site,booking@bimhuis.nl / verhuur@bimhuis.nl,,+31 20 788 2150,a verifier,verifie email,https://www.bimhuis.nl/en/calendar/roda-de-samba,Emails booking/location publics BIMHUIS.
Amsterdam - Gemeente Amsterdam,Amsterdam,contact via formulaire,contact via formulaire officiel,14 020 / +31 20 624 1111,14 020 / +31 20 624 1111,a verifier,contact via site,https://www.amsterdam.nl/en/contact-city-amsterdam/,Contact public municipal ; pas de mail programmation direct.
Den Haag - Gemeente Den Haag,Den Haag,contact via formulaire,contact via formulaire officiel,14070 / +31 70 353 3000,14070 / +31 70 353 3000,a verifier,contact via site,https://www.denhaag.nl/en/contact-with-the-municipality/,Contact public municipal.
Maastricht - Gemeente Maastricht,Maastricht,contact via site,post@maastricht.nl,14 043 / +31 43 350 4040,14 043 / +31 43 350 4040,a verifier,verifie email,https://www.visitmaastricht.com/en/locations/1219962090/municipality-of-maastricht,Email public municipal.
Haarlem - Gemeente Haarlem,Haarlem,contact via site,contact via site officiel,+31 23 511 5115,14 023 / +31 23 511 5115,a verifier,contact via site,https://haarlem.nl/home,Email trouve non pertinent facturation ; garder contact municipal.
Delft - Gemeente Delft,Delft,contact via formulaire,contact via formulaire officiel,14015 / WhatsApp +31 6 52739476,14015 / WhatsApp +31 6 52739476,a verifier,contact public verifie,https://www.delft.nl/en/make-or-cancel-appointment,Telephone/WhatsApp officiel deja present.
Breda - Gemeente Breda,Breda,contact via formulaire,contact via formulaire evenement organiser,+31 76 / contact site,+31 76 529 3001,a verifier,contact public verifie,https://www.breda.nl/evenement-organiseren,Page officielle evenement organiser + telephone.
Arnhem - Gemeente Arnhem,Arnhem,contact via formulaire,contact via formulaire officiel,0800 1809,0800 1809,a verifier,contact public verifie,https://www.arnhem.nl/,Telephone officiel.
Almere - Gemeente Almere,Almere,contact via formulaire,contact via formulaire officiel,14 036 / +31 36 539 9911,14 036 / +31 36 539 9911,a verifier,contact public verifie,https://english.almere.nl/contact,Telephone officiel.
Podium Mozaiek,Amsterdam,contact via site,info@podiummozaiek.nl,a completer,020-5800380,a verifier,verifie email,https://www.podiummozaiek.nl/contact,Email et telephone officiels.
Muziekgebouw aan het IJ,Amsterdam,contact via site,program@muziekgebouw.nl / events@muziekgebouw.nl,+31 20 788 2000,+31 20 788 2000,a verifier,verifie email,https://www.muziekgebouw.nl/en/corporate-events-ze-fgcq,Emails programmation/events officiels.
BARRACA Rodizio Grill & Bar,Amsterdam,contact via site,amsterdam@barraca.nl,a completer,020 226 2520,a verifier,verifie email,https://barraca.nl/amsterdam/en/,Email officiel restaurant/bar.
Brazanova,Groningen,contact via site,hello@brazanova.com,a completer,+31 50 527 7431,a verifier,verifie email,https://www.brazanova.com/en,Email officiel.
Selva Restaurant Amsterdam,Amsterdam,contact via site,restaurantselva@nhow-hotels.com / groups.nhowamsterdamrai@nh-hotels.com,a completer,020 800 3224,a verifier,verifie email,https://www.selva-restaurant.com/en/,Email restaurant/hotel officiel.
CEP Agency Amsterdam,Amsterdam,contact via site,info@creativeeventsagency.com / info@creativeeventspromoter.club,a completer,a completer,a verifier,verifie email,https://creativeeventsagency.com/promoters,Emails publics agence/promoter.
Amsterdam Club Promoters,Amsterdam,contact via Instagram,contact via Instagram Club Noir Amsterdam,a completer,a completer,a verifier,a verifier,https://www.instagram.com/clubnoiramsterdam/,Pas de mail public direct ; garder social officiel/piste promoter.
NYX Hotel Amsterdam Rembrandt Square,Amsterdam,contact via site,events.amsterdam@nyx-hotels.nl / info.rembrandtsquare@nyx-hotels.nl,a completer,a completer,a verifier,verifie email,https://www.nyx-hotels.com/amsterdam/nyx-hotel-amsterdam-rembrandt-square/meeting,Email events hotel officiel.
nhow Rotterdam / Elvy Gastrobar,Rotterdam,contact via site,contact via nhow Rotterdam / Elvy Gastrobar,a completer,a completer,a verifier,contact via site,https://www.nhow-hotels.com/en/nhow-rotterdam,Mail direct non confirme dans cette passe.
Hotel New York / NY Basement,Rotterdam,contact via site,info@nybasement.nl / info@hotelnewyork.nl,a completer,a completer,a verifier,verifie email,https://hotelnewyork.com/party-venue-rotterdam/,Emails officiels lieu/hotel.
Supperclub Amsterdam,Amsterdam,contact via site,sales@supper.nl / info@supper.nl,WhatsApp +31 6 28725217,+31 6 28725217 / +31 20 2050 221,a verifier,verifie email,https://supper.nl/private-events/,Email sales officiel private events + WhatsApp/telephone.
Perron Rotterdam,Rotterdam,contact via site,bookings@perron.nl / verhuur@perron.nl / info@perron.nl,+31 10 413 6742 / +31 6 38239153,+31 10 413 6742 / +31 6 38239153,a verifier,verifie email,https://perron.nl/faq/,"FAQ officielle : bookings artiste, verhuur location, info general."
P60 Amstelveen,Amstelveen,contact via site,info@p60.nl / helma@p60.nl,+31 20 3453445,+31 20 3453445,a verifier,verifie email,https://p60.nl/contact/,Emails officiels P60.
De Vorstin,Hilversum,contact via site,info@vorstin.nl,+31 35 6215841,+31 35 621 5841,a verifier,verifie email,https://vorstin.nl/over-ons/contact/,Email et telephone officiels.
Neushoorn,Leeuwarden,contact via site,events@neushoorn.nl / info@neushoorn.nl,+31 58 3030730,+31 58 303 0730,a verifier,verifie email,https://www.neushoorn.nl/contact,Email events officiel.
Willem Twee Poppodium,Den Bosch,contact via site,programmering@willem-twee.nl / info@willem-twee.nl,+31 73 6123422,+31 73 612 3422,a verifier,verifie email,https://www.willem-twee.nl/contact,Email programmeurs officiel.
Zoku Amsterdam Rooftop,Amsterdam,contact via site officiel events,meetamsterdam@livezoku.com / helloamsterdam@livezoku.com,a completer,+31 6 1820 9013 / +31 20 811 2811,contact via site,verifie email,https://livezoku.com/contact/,Contact Meeting & Events officiel Zoku Amsterdam.
Bar Twenty Two,Amsterdam,contact via ADE / site lieu a verifier,contact via formulaire officiel Bar22,a completer,a completer,a verifier,contact via site,https://www.bartwentytwo.nl/contact/,Page contact officielle sans mail visible ; piste ADE house conservee.
Bar-Restaurant Van de Werf,Amsterdam,contact via site officiel,info@vandewerf.amsterdam,a completer,020 737 0051,a verifier,verifie email,https://vandewerf.amsterdam/contact/,Email et telephone officiels Van de Werf.
WestWeelde,Amsterdam,contact via site officiel,info@westweelde.nl,a completer,+31 20 684 8496,a verifier,verifie email,https://www.westweelde.nl/contact,Email et telephone officiels WestWeelde.
Mystic Garden Festival,Amsterdam / Haarlemmermeer,contact via site,toegankelijkheid@mysticgardenfestival.nl,,+31 6 13417066,a verifier,email secondaire,https://www.mysticgardenfestival.nl/mystic-garden-festival-ade-2026/faq/,Email public officiel trouve mais pas booking ; telephone public social.
Utrecht - Gemeente Utrecht,Utrecht,contact via formulaire,Gemeente@utrecht.nl / formulaire officiel,+31 30 286 0000,14 030 / +31 30 286 0000 / WhatsApp 06 24927665,a verifier,contact public verifie,https://organisaties.overheid.nl/38122/Gemeente_Utrecht,Email public Overheid.nl + contacts officiels Utrecht.
Delft - Gemeente Delft,Delft,contact via formulaire officiel,contact via formulaire officiel / WhatsApp +31 6 52739476,14015 / WhatsApp +31 6 52739476,14015 / WhatsApp +31 6 52739476,contact public verifie,contact public verifie,https://www.delft.nl/en/make-or-cancel-appointment,Contact officiel public.
Breda - Gemeente Breda,Breda,contact via formulaire evenement organiser,contact via formulaire evenement organiser,+31 76 529 3001,+31 76 529 3001,contact public verifie,contact public verifie,https://www.breda.nl/evenement-organiseren,Contact officiel evenement organiser.
Arnhem - Gemeente Arnhem,Arnhem,contact via formulaire officiel,contact via formulaire officiel,0800 1809,0800 1809,contact public verifie,contact public verifie,https://www.arnhem.nl/,Contact officiel public.
Almere - Gemeente Almere,Almere,contact via formulaire officiel,contact via formulaire officiel,14 036 / +31 36 539 9911,14 036 / +31 36 539 9911,contact public verifie,contact public verifie,https://english.almere.nl/contact,Contact officiel public.
de Doelen,Rotterdam,m.boumans@dedoelen.nl / contact via site,m.boumans@dedoelen.nl,+31 10 217 1700,+31 10 217 1700,a contacter,verifie email,https://www.dedoelen.nl/en,Contact public deja present ; statut nettoye.
Samba Kitchen Amsterdam,Amsterdam,contact via site,hello@samba-kitchen.nl,+31 6 45975771,020 676 0513 / +31 6 45975771,a verifier,verifie email,https://www.samba-kitchen.nl/contact,Email et telephone officiels Samba Kitchen.
Amapiano Worldwide Amsterdam / Benaiah & Friends,Amsterdam,contact via socials,booking via djbenaiah.com/bookings / +31 6 265 874 80,table reservations +31 6 265874,+31 6 265 874 80,a verifier,contact public verifie,https://site.fourvenues.com/de/bitterzoet/events/amapiano-worldwide-19-06-2026-FTNW,"Piste publique booking DJ Benaiah/Benaiah & Friends, pas de mail direct."
Zoku Amsterdam,Amsterdam,contact via site,meetamsterdam@livezoku.com / helloamsterdam@livezoku.com,a completer,+31 6 1820 9013 / +31 20 811 2811,a verifier,verifie email,https://livezoku.com/contact/,Contact Meeting & Events officiel Zoku Amsterdam.
nhow Rotterdam / Elvy Gastrobar,Rotterdam,contact via nhow Rotterdam / Elvy Gastrobar,rotterdam@nhow-hotels.com,a completer,+31 10 206 7600,contact via site,verifie email,https://www.nhow-hotels.com/en/nhow-rotterdam/eat-drink,Email et telephone officiels nhow Rotterdam / Elvy.
Bar Twenty Two,Amsterdam,contact via formulaire officiel Bar22,formulaire officiel Bar Twenty Two / Instagram @bar22amsterdam,a completer,contact via formulaire,contact via site,contact public verifie,https://www.bartwentytwo.nl/contact/,Site officiel: contact uniquement via formulaire + Instagram; pas de mail public direct.
Annabel Rotterdam,Rotterdam,contact via site officiel,verhuur@annabel.nu / info@annabel.nu,a completer,+31 6 18211259,contact via site,verifie email,https://www.rotterdam.info/en/conventions/finder-venues/annabel,Rotterdam Partners publie verhuur@annabel.nu; site Annabel expose info@annabel.nu.
A Hora do Brasil Foundation / Brazilian Summer Sessions,Amsterdam,contact via DutchCulture / organisation a verifier,ancienne fondation inactive - contacter BIMHUIS booking@bimhuis.nl pour piste Brazilian Summer Sessions,a completer,+31 20 788 2150,a verifier,hors cible / archive,https://dutchculture.nl/en/location/hora-do-brasil-foundation,DutchCulture indique que la fondation a cesse ses activites le 31/10/2012; piste a remplacer par BIMHUIS/Roda de Samba.
Festival Mundial,Tilburg,contact via site,contact@mundial-korvel.nl,,contact via formulaire,a verifier,verifie email,https://mundialindewijk.nl/faq/,Festival Mundial historique remplace/localise par Mundial in de Wijk/Korvel; email officiel public.
A Hora do Brasil / Brazilian Summer Sessions,Amsterdam,contact via DutchCulture / organisation a verifier,ancienne fondation inactive - contacter BIMHUIS booking@bimhuis.nl pour piste Brazilian Summer Sessions,a completer,+31 20 788 2150,a verifier,hors cible / archive,https://dutchculture.nl/en/location/hora-do-brasil-foundation,"Doublon de la fondation inactive; garder comme historique, utiliser BIMHUIS pour booking bresilien."
Amsterdam - Gemeente Amsterdam,Amsterdam,contact via formulaire officiel,formulaire evenement officiel / standard ville,14 020 / +31 20 624 1111,14 020 / +31 20 624 1111,contact via site,contact public verifie,https://www.amsterdam.nl/en/business/event-permit/,Page officielle event permit: contact telephone et lien autres moyens de contact.
Den Haag - Gemeente Den Haag,Den Haag,contact via formulaire officiel,evenementenbureau@denhaag.nl / vergunning@denhaag.nl,14070 / +31 70 353 3000,070 353 23 57 / 14070,contact via site,verifie email,https://www.denhaag.nl/en/permits-and-exemptions/report-an-event/,"Page officielle evenement: evenementbureau pour calendrier reservation, vergunning pour questions permis."
Haarlem - Gemeente Haarlem,Haarlem,contact via site officiel,evenementcoordinator@haarlem.nl / antwoord@haarlem.nl,14 023 / +31 23 511 5115,14 023 / +31 23 511 5115,contact via site,verifie email,https://haarlem.nl/evenementenvergunning,Page officielle evenement: evenementcoordinator@haarlem.nl; Overheid.nl confirme antwoord@haarlem.nl.
Amsterdam Club Promoters,Amsterdam,contact via Instagram Club Noir Amsterdam,Info@clubnoir-amsterdam.nl,a completer,+31 6 16705072,a verifier,verifie email,https://www.clubnoir-amsterdam.nl/contact/,Club Noir officiel: email public et telephone Facebook; cible afrobeats/amapiano Amsterdam.
