Nom,Ville,Ancien_contact,Nouveau_contact,Ancien_statut,Nouveau_statut,Source_URL,Reste_a_faire
La Laiterie Artefact,Strasbourg,contact via site,contact via site officiel,contact via site,contact via site,https://www.artefact.org/,Chercher mail programmation direct si besoin avant relance.
Ososphere,Strasbourg,contact via formulaire programmation,contact via formulaire programmation,contact via site,contact via site,https://www.artefact.org/l-ososphere/contactez-nous/,Chercher mail programmation direct si besoin avant relance.
L'Autre Canal,Nancy,contact via site,programmation@lautrecanalnancy.fr,contact via site,verifie email,https://lautrecanalnancy.fr/infos-pratiques/equipe,
Kontakt Production / Techno Story,Nancy,contact via social / L Autre Canal,production@lautrecanalnancy.fr / programmation@lautrecanalnancy.fr,contact via site,email secondaire,https://lautrecanalnancy.fr/infos-pratiques/equipe,
Cite musicale-Metz / BAM,Metz,contact via site,program@citemusicale-metz.fr,contact via site,verifie email,https://www.citemusicale-metz.fr/contact,
Les Trinitaires,Metz,contact via Cite musicale,program@citemusicale-metz.fr,contact via site,verifie email,https://www.citemusicale-metz.fr/contact,
Aloft Strasbourg Etoile,Strasbourg,contact via site,contact via site Marriott / standard hotel,contact via site,telephone verifie,https://www.marriott.com/en-us/hotels/sxblo-aloft-strasbourg-etoile/overview/,
Ville de Strasbourg - Culture,Strasbourg,contact via site,contact via formulaire officiel,contact via site,contact via site,https://www.strasbourg.eu/contact,Chercher mail programmation direct si besoin avant relance.
La Chapelle Argence,Troyes,contact via ville,contact via Troyes Champagne Metropole / ville,contact via site,contact via site,https://www.troyeslachampagne.com/decouvrez/sortir/chapelle-argence/,Chercher mail programmation direct si besoin avant relance.
