Pays,Region,Province,Ville,Nom,Type_fichier,Categorie,Contact_public,Telephone,Site,Source_URL,Styles_Nyllo,Segment_booking,Priorite,Statut,Action_recommandee,Notes,Fichier_source
Belgique,Wallonie,Hainaut,Ham-sur-Heure,Fingova,after-party / bar / club / discotheque,After party Belgique,fingova@gmail.com,,,https://www.facebook.com/Aperobike/,house-music,club/house/electro,B,à contacter,Completer/contact selon calendrier.,Contact email seul fourni au départ ; Facebook Apéros Vélo / Apero Bike indique aussi téléphone +32 497 44 40 21 et localisation Ham-sur-Heure 6120 ; qualifier lien exact avec after party avant envoi,After party Belgique - A SELVA Nyllo Canella.csv
Belgique,Bruxelles-Capitale,Bruxelles-Capitale,Bruxelles,Birdy Brussels,after-party / bar / club / discotheque,Club afro house / after party,info@birdybrussels.com,,https://www.birdybrussels.com/,https://www.birdybrussels.com/contact/,world-music | afro-house | house-music,afro/world/house,A,à contacter,Contacter en premier avec message personnalise Nyllo.,Club Avenue Louise ; ouvert vendredi/samedi 00:00-06:00 ; private events possibles ; afrohouse déjà positionné sur le site,After party Belgique - A SELVA Nyllo Canella.csv
Belgique,Bruxelles-Capitale,Bruxelles-Capitale,Bruxelles,Mirano Brussels,after-party / bar / club / discotheque,After party / afro house,info@miranobrussels.com,,à compléter,à compléter,world-music | afro-house | house-music,afro/world/house,A,à contacter,Contacter en premier avec message personnalise Nyllo.,Contact fourni manuellement ; téléphone 0456 68 88 52 ; afro party déjà repérée,After party Belgique - A SELVA Nyllo Canella.csv
Belgique,Wallonie,Namur,Eghezee,Chateau d'Egmont,after-party / bar / club / discotheque,After party / afro house,info@chateaudegmont.be,0489 53 52 18,https://www.chateaudegmont.be/,https://www.chateaudegmont.be/,world-music | afro-house | house-music,afro/world/house,A,contact public verifie,Contacter en premier avec message personnalise Nyllo.,Contact fourni manuellement ; téléphone 0489 53 52 18,After party Belgique - A SELVA Nyllo Canella.csv
Belgique,Wallonie,Namur,Namur,Le Kraken Pub,after-party / bar / club / discotheque,Bar / after party afro house,contact@lekrakenpub.com,,https://lekrakenpub.com/,https://lekrakenpub.com/,world-music | afro-house | house-music,afro/world/house,A,verifie email,Contacter en premier avec message personnalise Nyllo.,Contact fourni manuellement ; à qualifier ville et capacité,After party Belgique - A SELVA Nyllo Canella.csv
Belgique,Bruxelles-Capitale,Bruxelles-Capitale,Anderlecht,Storia Club Event,after-party / bar / club / discotheque,Club / after party afro house,storiaclubevent@gmail.com,,https://www.companyweb.be/fr/1004568028/storia-event,https://www.companyweb.be/fr/1004568028/storia-event,world-music | afro-house | house-music,afro/world/house,A,email secondaire,Contacter en premier avec message personnalise Nyllo.,"Contact fourni manuellement ; à qualifier ville et calendrier | Enrichissement fin: Storia Event localise Avenue de Scheut 74, 1070 Anderlecht; email utilisateur conserve.",After party Belgique - A SELVA Nyllo Canella.csv
Belgique,Wallonie,Namur,Namur,La Cuve Namur,after-party / bar / club / discotheque,Bar / after party afro house,lacuvenamur@gmail.com,,à compléter,à compléter,world-music | afro-house | house-music,afro/world/house,A,à contacter,Contacter en premier avec message personnalise Nyllo.,Contact fourni manuellement ; bon angle Namur after party,After party Belgique - A SELVA Nyllo Canella.csv
Belgique,Bruxelles-Capitale,Bruxelles-Capitale,Bruxelles,The Day Club Belgium,after-party / bar / club / discotheque,After party / club afro house,thedayclub.belgium@gmail.com,,à compléter,à compléter,world-music | afro-house | house-music,afro/world/house,A,à contacter,Contacter en premier avec message personnalise Nyllo.,Contact fourni manuellement ; after party Bruxelles,After party Belgique - A SELVA Nyllo Canella.csv
Belgique,Flandre,Anvers,Anvers,House of Lagos,after-party / bar / club / discotheque,Events afro-house / club,houseoflagosofficial@gmail.com,,à compléter,à compléter,world-music | afro-house | house-music,afro/world/house,A,à contacter,Contacter en premier avec message personnalise Nyllo.,Contact fourni ; événements afro-house / afrobeat à Anvers,After party Belgique - A SELVA Nyllo Canella.csv
Belgique,Bruxelles-Capitale,Bruxelles-Capitale,Bruxelles,Station BXL,after-party / bar / club / discotheque,Bar DJ / dance / after party,stationbxl@gmail.com,,https://www.visit.brussels/,https://www.visit.brussels/en/visitors/venue-details.Station-BXL.267320,house-music,club/house/electro,A,à contacter,Contacter en premier avec message personnalise Nyllo.,"Visit Brussels indique DJ vendredi/samedi, urban music et dance",After party Belgique - A SELVA Nyllo Canella.csv
Belgique,Bruxelles-Capitale,Bruxelles-Capitale,Bruxelles,Le Reservoir Bar,after-party / bar / club / discotheque,Bar DJ / concerts,info@lereservoir.be,,https://www.visit.brussels/,https://www.visit.brussels/en/visitors/venue-details.Le-Reservoir-bar.274795,house-music,club/house/electro,A,à contacter,Contacter en premier avec message personnalise Nyllo.,Bar avec concerts et DJ sets ; emerging Belgian scene,After party Belgique - A SELVA Nyllo Canella.csv
Belgique,Bruxelles-Capitale,Bruxelles-Capitale,Bruxelles,Au Bassin,after-party / bar / club / discotheque,Bar / after party / groupes,info@aubassin.be,,https://aubassin.be/,https://www.visit.brussels/en/professionals/venue-details.Au-Bassin.245494,house-music,club/house/electro,A,à contacter,Contacter en premier avec message personnalise Nyllo.,"Email confirmé par Visit Brussels et Instagram officiel ; Quai aux Briques, 1000 Bruxelles ; salles privatisables jusque 250 personnes",After party Belgique - A SELVA Nyllo Canella.csv
Belgique,Bruxelles-Capitale,Bruxelles-Capitale,Ixelles,The Crazy Circle,after-party / bar / club / discotheque,Bar alternatif / after party,info@thecrazycircle.com,,https://www.visit.brussels/,https://www.visit.brussels/en/visitors/venue-details.The-Crazy-Circle.252434,house-music,club/house/electro,B,à contacter,Completer/contact selon calendrier.,Bar bruxellois ; à tester pour format petit club / after party,After party Belgique - A SELVA Nyllo Canella.csv
Belgique,Bruxelles-Capitale,Bruxelles-Capitale,Bruxelles,Café Béguin,after-party / bar / club / discotheque,Bar / café concert / afro-world,cafebeguin@gmail.com,,https://www.cafebeguin.be/,https://www.cafebeguin.be/,world-music | house-music | afro-house,afro/world/house,A,à contacter,Contacter en premier avec message personnalise Nyllo.,Déjà très compatible concerts/jams afro-world,After party Belgique - A SELVA Nyllo Canella.csv
Belgique,Bruxelles-Capitale,Bruxelles-Capitale,Bruxelles,La Machine,after-party / bar / club / discotheque,Bar / club / live music,info@lamachine.be,,https://lamachine.be/,https://www.visit.brussels/fr/visiteurs/venue-details.La-Machine.265916,house-music,club/house/electro,A,à contacter,Contacter en premier avec message personnalise Nyllo.,Email et téléphone confirmés par Visit Brussels : +32 2 808 55 54 ; Instagram indique aussi ARTIST BOOKING sur info@lamachine.be,After party Belgique - A SELVA Nyllo Canella.csv
Belgique,Bruxelles-Capitale,Bruxelles-Capitale,Ixelles / Bruxelles,Sounds Jazz Club,after-party / bar / club / discotheque,Club jazz / world / diaspora,sounds-resist@collectifs.net,,https://www.sounds.brussels/,https://www.sounds.brussels/fr/jazz-club/,percussions | world-music | house-music,afro/world/house,A,à contacter,Contacter en premier avec message personnalise Nyllo.,"Programmation jazz, world, diaspora ; bon format percussions live",After party Belgique - A SELVA Nyllo Canella.csv
Belgique,Bruxelles-Capitale,Bruxelles-Capitale,Bruxelles,JAM Brussels Rooftop,after-party / bar / club / discotheque,Hotel rooftop / bar / private events,brussels@jamhotels.eu,,https://www.jamhotels.eu/special-events,https://www.jamhotels.eu/special-events,house-music,club/house/electro,A,à contacter,Contacter en premier avec message personnalise Nyllo.,Hôtel avec rooftop/pool et événements spéciaux ; très bon format sunset/afterwork/after party,After party Belgique - A SELVA Nyllo Canella.csv
Belgique,Bruxelles-Capitale,Bruxelles-Capitale,Bruxelles,The Standard Brussels / Lila29,after-party / bar / club / discotheque,Hotel rooftop / private events,brussels.events@standardhotels.com,,https://www.standardhotels.com/brussels/properties/brussels,https://www.standardhotels.com/brussels/properties/brussels,house-music,club/house/electro,A,à contacter,Contacter en premier avec message personnalise Nyllo.,Hôtel avec rooftop bar Lila29 et espaces events ; jusqu'à 200 standing outdoor selon page events,After party Belgique - A SELVA Nyllo Canella.csv
Belgique,Bruxelles-Capitale,Bruxelles-Capitale,Bruxelles,The Dominican,after-party / bar / club / discotheque,Hotel / after work / events,info@thedominican.be,,https://www.visit.brussels/,https://www.visit.brussels/en/visitors/event-details.The-Dominican-After-Work.5700019677,house-music,club/house/electro,A,à contacter,Contacter en premier avec message personnalise Nyllo.,Hôtel avec after work répertorié Visit Brussels ; bon angle afterwork live,After party Belgique - A SELVA Nyllo Canella.csv
Belgique,Bruxelles-Capitale,Bruxelles-Capitale,Bruxelles,The Roof by The 1040 / Sofitel Brussels Europe,after-party / bar / club / discotheque,Hotel rooftop / private event,sophie.contardi@sofitel.com,,https://sofitel.accor.com/en/hotels/5282/B002.bar.html,https://sofitel.accor.com/en/hotels/5282/B002.bar.html,house-music,club/house/electro,A,à contacter,Contacter en premier avec message personnalise Nyllo.,"Rooftop avec cocktails, DJ sets et privatisation jusqu'à 70 personnes",After party Belgique - A SELVA Nyllo Canella.csv
Belgique,Bruxelles-Capitale,Bruxelles-Capitale,Bruxelles,The Hoxton Brussels,after-party / bar / club / discotheque,Hotel rooftop / bar / events,events.brussels@thehox.com,,https://thehoxton.com/brussels/parties-and-celebrations/,https://thehoxton.com/brussels/contact/,house-music,club/house/electro,A,à contacter,Contacter en premier avec message personnalise Nyllo.,"Email events Bruxelles confirmé ; autres contacts utiles : elio@thehox.com, hello.brussels@thehox.com, sales.brussels@thehox.com ; téléphone +32 2 883 81 00",After party Belgique - A SELVA Nyllo Canella.csv
Belgique,Flandre,Flandre orientale,Gand,Yalo Hotel Rooftop,after-party / bar / club / discotheque,Hotel rooftop / bar / events,hello@yalohotel.com,,https://www.yalohotel.com/en/,https://www.yalohotel.com/en/about/,house-music,club/house/electro,A,à contacter,Contacter en premier avec message personnalise Nyllo.,"Boutique hôtel avec bar, restaurant, rooftop et meeting/events ; bon format Gand",After party Belgique - A SELVA Nyllo Canella.csv
Belgique,Flandre,Anvers,Anvers,Lindner Hotel Antwerp / Sky Lounge,after-party / bar / club / discotheque,Hotel rooftop / bar / DJ,info.antwerp@lindnerhotels.com,,https://www.hyatt.com/jdv-by-hyatt/en-US/anrja-lindner-hotel-antwerp/sky-lounge,https://www.hyatt.com/jdv-by-hyatt/en-US/anrja-lindner-hotel-antwerp/sky-lounge,house-music,club/house/electro,A,à contacter,Contacter en premier avec message personnalise Nyllo.,Sky Lounge ; page hôtel mentionne after work du vendredi avec DJ,After party Belgique - A SELVA Nyllo Canella.csv
Belgique,Flandre,Anvers,Anvers,Skybar Antwerp,after-party / bar / club / discotheque,Rooftop bar / private events,info@skybarantwerp.be,,https://www.skybarantwerp.be/,https://www.skybarantwerp.be/contact,house-music,club/house/electro,A,à contacter,Contacter en premier avec message personnalise Nyllo.,Rooftop privatisable entièrement ou partiellement ; live DJ sur certains événements,After party Belgique - A SELVA Nyllo Canella.csv
Belgique,Flandre,Flandre orientale,Gand,Club 69,after-party / bar / club / discotheque,Club / after party,info@club-69.be,,https://www.club-69.be/,https://www.club-69.be/,house-music,club/house/electro,A,à contacter,Contacter en premier avec message personnalise Nyllo.,Club ouvert vendredi/samedi 23:00-06:00 ; table reservations par email,After party Belgique - A SELVA Nyllo Canella.csv
Belgique,Flandre,Flandre orientale,Gand,Kompass Klub,after-party / bar / club / discotheque,Club house / techno,info@kompassklub.com,,https://kompassklub.com/,https://visit.gent.be/en/see-do/kompass-klub,world-music | afro-house | house-music,afro/world/house,B,à contacter,Completer/contact selon calendrier.,"Email confirmé par Visit Gent/Facebook ; adresse actuelle à compléter entre Nieuwevaart 51 et Vliegtuiglaan 12 selon sources ; club house/techno, approche afro-house possible | Contact email exploitable ; champs secondaires à compléter si besoin.",After party Belgique - A SELVA Nyllo Canella.csv
Belgique,Flandre,Flandre orientale,Gand,Rooftop Gaston,after-party / bar / club / discotheque,Rooftop event venue,info@rooftopgaston.be,,https://rooftopgaston.be/en/halls/party-room/,https://visit.gent.be/en/gentcongres/rooftop-gaston,house-music,club/house/electro,A,à contacter,Contacter en premier avec message personnalise Nyllo.,"Email et téléphone confirmés par Visit Gent : +32 496 10 92 09 ; adresse Hurstweg 8, 9000 Gent ; location privée possible jusqu'à 96/150 selon configuration",After party Belgique - A SELVA Nyllo Canella.csv
Belgique,Flandre,Flandre orientale,Gand,Gold Listening Bar,after-party / bar / club / discotheque,Listening bar / selector nights,info@goldbar.gent,,https://www.goldbar.gent/en,https://www.goldbar.gent/en,house-music,club/house/electro,B,à contacter,Completer/contact selon calendrier.,"Email confirmé par site officiel et Facebook ; adresse Goudstraat 2, 9000 Gent ; accepte propositions de sessions/curation et location privée",After party Belgique - A SELVA Nyllo Canella.csv
Belgique,Bruxelles-Capitale,Bruxelles-Capitale,Bruxelles,Café Béguin,bar spectacle / lieu public,Bar / café concert / jam afro-world,cafebeguin@gmail.com,,https://www.cafebeguin.be/,https://www.cafebeguin.be/,bresil | world-music,bresil/percussions/world,A,à contacter,Contacter en premier avec message personnalise Nyllo.,"Concerts gratuits 3 à 5 soirs par semaine ; jazz, afrobeat, afro-latin, groove, soul, salsa",Bars spectacles publics Belgique - Facebook et lieux 2024-2026 - Nyllo Canella.csv
Belgique,Bruxelles-Capitale,Bruxelles-Capitale,Bruxelles,Café Béguin,bar spectacle / lieu public,Jam afro / événement public,via Facebook / Café Béguin,,https://www.cafebeguin.be/,https://www.bars10.com/BE/Brussels/103055559329334/AFRO-JAM-Bruxelles,world-music,world music,A,à contacter,Contacter en premier avec message personnalise Nyllo.,Source issue d’une page publique reprenant des posts Facebook ; jam de 16h à 21h,Bars spectacles publics Belgique - Facebook et lieux 2024-2026 - Nyllo Canella.csv
Belgique,Bruxelles-Capitale,Bruxelles-Capitale,Bruxelles,Café Béguin,bar spectacle / lieu public,Concert / hommage,inmemoryofclive@gmail.com,,https://www.visit.brussels/,https://www.visit.brussels/en/visitors/event-details.Musical-Tribute-with-Clive-Govinden-s-Friends.5700022373,a qualifier,a qualifier,B,à contacter,Completer/contact selon calendrier.,Montre que le lieu accueille concerts publics et musiciens invités,Bars spectacles publics Belgique - Facebook et lieux 2024-2026 - Nyllo Canella.csv
Belgique,Bruxelles-Capitale,Bruxelles-Capitale,Bruxelles,Flamingo,bar spectacle / lieu public,Concert / danse / diaspora,via Facebook / lieu,,à compléter,https://www.bars10.com/BE/Brussels/103055559329334/AFRO-JAM-Bruxelles,percussions | world-music,bresil/percussions/world,A,à contacter,Contacter en premier avec message personnalise Nyllo.,"Événement Fête de la Musique, très compatible percussion et danse",Bars spectacles publics Belgique - Facebook et lieux 2024-2026 - Nyllo Canella.csv
Belgique,Bruxelles-Capitale,Bruxelles-Capitale,Bruxelles,Flamingo,bar spectacle / lieu public,Bar / restaurant / concerts live,contact via site officiel,,https://flamingobrussel.be/en/contact,https://flamingobrussel.be/en/contact,world-music,world music,A,à contacter,Contacter en premier avec message personnalise Nyllo.,"Site officiel avec page Contact ; adresse Rue de Laeken 177, 1000 Bruxelles ; live music et Afro Jam repérés, email direct non affiché.",Bars spectacles publics Belgique - Facebook et lieux 2024-2026 - Nyllo Canella.csv
Belgique,Bruxelles-Capitale,Bruxelles-Capitale,Bruxelles,La Machine,bar spectacle / lieu public,Bar / club / live music,info@lamachine.be,,https://lamachine.be/,https://lamachine.be/fr/contact,house-music,club/house/electro,A,à contacter,Contacter en premier avec message personnalise Nyllo.,Bar live music + DJ à Saint-Géry ; VI.BE le classe café / club,Bars spectacles publics Belgique - Facebook et lieux 2024-2026 - Nyllo Canella.csv
Belgique,Bruxelles-Capitale,Bruxelles-Capitale,Bruxelles,La Machine,bar spectacle / lieu public,Lieu musique live / club,info@lamachine.be,,https://vi.be/platform/lamachine,https://vi.be/platform/lamachine,house-music,club/house/electro,A,à contacter,Contacter en premier avec message personnalise Nyllo.,Plateforme VI.BE : Steampunk bar/live music club,Bars spectacles publics Belgique - Facebook et lieux 2024-2026 - Nyllo Canella.csv
Belgique,Wallonie,Namur,Eghezee,Chateau d'Egmont,bar spectacle / lieu public,After party / afro house,info@chateaudegmont.be,0489 53 52 18,https://www.chateaudegmont.be/,https://www.chateaudegmont.be/,world-music | afro-house | house-music,afro/world/house,A,contact public verifie,Contacter en premier avec message personnalise Nyllo.,Contact fourni manuellement le 13/08/2026 ; téléphone 0489 53 52 18 ; à classer Nyllo after party afro house Belgique,Bars spectacles publics Belgique - Facebook et lieux 2024-2026 - Nyllo Canella.csv
Belgique,Bruxelles-Capitale,Bruxelles-Capitale,Bruxelles,Mirano Brussels,bar spectacle / lieu public,After party / afro house,info@miranobrussels.com,,à compléter,à compléter,world-music | afro-house | house-music,afro/world/house,A,à contacter,Contacter en premier avec message personnalise Nyllo.,Contact fourni manuellement le 13/08/2026 ; téléphone 0456 68 88 52 ; à classer after party afro house,Bars spectacles publics Belgique - Facebook et lieux 2024-2026 - Nyllo Canella.csv
Belgique,Wallonie,Namur,Namur,Le Kraken Pub,bar spectacle / lieu public,Bar / after party afro house,contact@lekrakenpub.com,,https://lekrakenpub.com/,https://lekrakenpub.com/,world-music | afro-house | house-music,afro/world/house,A,verifie email,Contacter en premier avec message personnalise Nyllo.,Contact fourni manuellement le 13/08/2026 ; à classer afro house,Bars spectacles publics Belgique - Facebook et lieux 2024-2026 - Nyllo Canella.csv
Belgique,Bruxelles-Capitale,Bruxelles-Capitale,Anderlecht,Storia Club Event,bar spectacle / lieu public,Club / after party afro house,storiaclubevent@gmail.com,,https://www.companyweb.be/fr/1004568028/storia-event,https://www.companyweb.be/fr/1004568028/storia-event,world-music | afro-house | house-music,afro/world/house,A,email secondaire,Contacter en premier avec message personnalise Nyllo.,"Contact fourni manuellement le 13/08/2026 ; à classer afro house Belgique | Enrichissement fin: Storia Event localise Avenue de Scheut 74, 1070 Anderlecht; email utilisateur conserve.",Bars spectacles publics Belgique - Facebook et lieux 2024-2026 - Nyllo Canella.csv
Belgique,Wallonie,Namur,Namur,La Cuve Namur,bar spectacle / lieu public,Bar / after party afro house,lacuvenamur@gmail.com,,à compléter,à compléter,world-music | afro-house | house-music,afro/world/house,A,à contacter,Contacter en premier avec message personnalise Nyllo.,Contact fourni manuellement le 13/08/2026 ; à classer afro house,Bars spectacles publics Belgique - Facebook et lieux 2024-2026 - Nyllo Canella.csv
Belgique,Bruxelles-Capitale,Bruxelles-Capitale,Bruxelles,The Day Club Belgium,bar spectacle / lieu public,After party / club afro house,thedayclub.belgium@gmail.com,,à compléter,à compléter,world-music | afro-house | house-music,afro/world/house,A,à contacter,Contacter en premier avec message personnalise Nyllo.,Contact fourni manuellement le 13/08/2026 ; after party Bruxelles ; à classer afro house,Bars spectacles publics Belgique - Facebook et lieux 2024-2026 - Nyllo Canella.csv
Belgique,Bruxelles-Capitale,Bruxelles-Capitale,Ixelles / Bruxelles,Sounds Jazz Club,bar spectacle / lieu public,Club jazz / world / diaspora,booking via formulaire / sounds-resist@collectifs.net,,https://www.sounds.brussels/,https://www.sounds.brussels/fr/jazz-club/,world-music | house-music,afro/world/house,A,à contacter,Contacter en premier avec message personnalise Nyllo.,Programmation jazz + world music + cultures diasporiques ; lieu 100 personnes possible,Bars spectacles publics Belgique - Facebook et lieux 2024-2026 - Nyllo Canella.csv
Belgique,Bruxelles-Capitale,Bruxelles-Capitale,Ixelles / Bruxelles,Sounds Jazz Club,bar spectacle / lieu public,Booking concert,formulaire booking,,https://www.sounds.brussels/,https://www.sounds.brussels/nl/booking/,world-music | house-music,afro/world/house,A,à contacter,Contacter en premier avec message personnalise Nyllo.,Formulaire artiste pour demande de concert,Bars spectacles publics Belgique - Facebook et lieux 2024-2026 - Nyllo Canella.csv
Belgique,Bruxelles-Capitale,Bruxelles-Capitale,Ixelles / Bruxelles,Sounds Jazz Club,bar spectacle / lieu public,Live music / Sounds Resist,formulaire booking,,https://www.sounds.brussels/,https://www.sounds.brussels/fr/jazz-live-concert/,percussions | world-music | house-music,afro/world/house,A,à contacter,Contacter en premier avec message personnalise Nyllo.,"Programmation 2026 avec percussions, FX, voix, world / diaspora",Bars spectacles publics Belgique - Facebook et lieux 2024-2026 - Nyllo Canella.csv
Belgique,Bruxelles-Capitale,Bruxelles-Capitale,Bruxelles,Le Baixu,bar spectacle / lieu public,Lieu culturel / petite salle world jazz,+32 475 36 18 36,,https://www.lebaixu.com/fr,https://www.lebaixu.com/fr/le-lieu,world-music,world music,A,à contacter,Contacter en premier avec message personnalise Nyllo.,"Salle 80 assis / 120 debout ; découverte d’artistes, jazz, classique et musique du monde",Bars spectacles publics Belgique - Facebook et lieux 2024-2026 - Nyllo Canella.csv
Belgique,Bruxelles-Capitale,Bruxelles-Capitale,Bruxelles,Le Baixu,bar spectacle / lieu public,Programmation world music,+32 475 36 18 36,,https://www.lebaixu.com/fr,https://www.lebaixu.com/nl/la-programmation,bresil | world-music,bresil/percussions/world,A,à contacter,Contacter en premier avec message personnalise Nyllo.,Le Baixu annonce un cycle Musique du Monde avec Brésil et musiques latines,Bars spectacles publics Belgique - Facebook et lieux 2024-2026 - Nyllo Canella.csv
Belgique,Bruxelles-Capitale,Bruxelles-Capitale,Forest / Bruxelles,BRASS,bar spectacle / lieu public,Centre culturel / programmation musicale,quentin.velghe@lebrass.be,,https://www.lebrass.be/,https://www.lebrass.be/apropos/equipe/,a qualifier,a qualifier,A,à contacter,Contacter en premier avec message personnalise Nyllo.,Contact programmation musicale identifié : Quentin Velghe,Bars spectacles publics Belgique - Facebook et lieux 2024-2026 - Nyllo Canella.csv
Belgique,Bruxelles-Capitale,Bruxelles-Capitale,Bruxelles,Brasserie iLLeGaaL,bar spectacle / lieu public,Brasserie culturelle / événements,art@brasserie-illegaal.com,,https://brasserie-illegaal.com/,https://www.visit.brussels/en/visitors/venue-details.Brasserie-iLLeGaaL.279476,a qualifier,a qualifier,B,à contacter,Completer/contact selon calendrier.,Email culture/art confirmé par Visit Brussels ; lieu festif avec concerts et événements.,Bars spectacles publics Belgique - Facebook et lieux 2024-2026 - Nyllo Canella.csv
Belgique,Bruxelles-Capitale,Bruxelles-Capitale,Bruxelles,Chaff,bar spectacle / lieu public,Bar / concerts / fêtes,bookingchaff@gmail.com,,https://www.facebook.com/bistrolechaff/,https://www.visit.brussels/en/visitors/venue-details.Chaff.244836,a qualifier,a qualifier,B,à contacter,Completer/contact selon calendrier.,Email booking et téléphone +32 2 502 58 48 confirmés par Visit Brussels/Facebook ; concerts le lundi.,Bars spectacles publics Belgique - Facebook et lieux 2024-2026 - Nyllo Canella.csv
Belgique,Bruxelles-Capitale,Bruxelles-Capitale,Bruxelles,KFK Hope,bar spectacle / lieu public,Lieu socioculturel / salle,christiane@kfkhope.com,,https://kfkhope.com/,https://kfkhope.com/,a qualifier,a qualifier,B,à contacter,Completer/contact selon calendrier.,Email privatisation confirmé sur site ; info@kfkhope.com et +32 460 95 41 50 aussi disponibles.,Bars spectacles publics Belgique - Facebook et lieux 2024-2026 - Nyllo Canella.csv
Belgique,Bruxelles-Capitale,Bruxelles-Capitale,Bruxelles,Café Roskam,bar spectacle / lieu public,Café jazz / concerts,à vérifier,,à vérifier,https://www.visit.brussels/nl/bezoekers/agenda/theater-muziek-cabaret--knusse-locaties-om-het-warm-te-houden,world-music,world music,B,à vérifier,Completer/contact selon calendrier.,Jazzconcerts généralement le dimanche soir,Bars spectacles publics Belgique - Facebook et lieux 2024-2026 - Nyllo Canella.csv
Belgique,Bruxelles-Capitale,Bruxelles-Capitale,Bruxelles,Café Central,bar spectacle / lieu public,Bar / concerts / scène bruxelloise,wearecafecentral@gmail.com,,https://www.facebook.com/cafecentral.bxl/,https://www.facebook.com/cafecentral.bxl/,house-music,club/house/electro,B,à contacter,Completer/contact selon calendrier.,"Email public Facebook ; lieu concerts/DJ sets, vérifier reprise/activité actuelle avant envoi.",Bars spectacles publics Belgique - Facebook et lieux 2024-2026 - Nyllo Canella.csv
Belgique,Bruxelles-Capitale,Bruxelles-Capitale,Bruxelles,Crix Café,bar spectacle / lieu public,Bar / jam / scène locale,programmation@crixcafe.be,,https://www.crixcafe.be/contact,https://www.crixcafe.be/contact,a qualifier,a qualifier,B,à contacter,Completer/contact selon calendrier.,Email artistes confirmé ; email info info@crixcafe.be et téléphone +32 478 98 06 70.,Bars spectacles publics Belgique - Facebook et lieux 2024-2026 - Nyllo Canella.csv
Belgique,Bruxelles-Capitale,Bruxelles-Capitale,Saint-Gilles / Bruxelles,Pianofabriek,bar spectacle / lieu public,Centre culturel / musiques du monde,info@pianofabriek.be,,https://www.pianofabriek.be/en/contact,https://www.pianofabriek.be/en/contact,a qualifier,a qualifier,A,à contacter,Contacter en premier avec message personnalise Nyllo.,Email et téléphone +32 2 541 01 70 confirmés.,Bars spectacles publics Belgique - Facebook et lieux 2024-2026 - Nyllo Canella.csv
Belgique,Bruxelles-Capitale,Bruxelles-Capitale,Bruxelles,Horloge du Sud,bar spectacle / lieu public,Restaurant / bar culturel africain,info@horlogedusud.be,,https://horlogedusud.be/contact-2/,https://horlogedusud.be/contact-2/,world-music,world music,A,à contacter,Contacter en premier avec message personnalise Nyllo.,Email et téléphone +32 2 512 18 64 confirmés ; brasserie culturelle africaine.,Bars spectacles publics Belgique - Facebook et lieux 2024-2026 - Nyllo Canella.csv
Belgique,Bruxelles-Capitale,Bruxelles-Capitale,Bruxelles sur scènes,Plusieurs café-théâtres,bar spectacle / lieu public,Festival café-théâtres / petites salles,n.wibail@visit.brussels / +32 490 49 43 84,,https://www.bruxellessurscenes.be/,https://www.visit.brussels/content/dam/visitbrussels/pdf-brochures/presse/cp/bxl-sur-scenes-2024/2024-09-20-PR-Bruxelles-sur-scenes.pdf,a qualifier,a qualifier,C,à contacter,Completer/contact selon calendrier.,"Contact presse Visit Brussels trouvé dans communiqué ; pour programmation, utiliser aussi les lieux participants.",Bars spectacles publics Belgique - Facebook et lieux 2024-2026 - Nyllo Canella.csv
Belgique,Bruxelles-Capitale,Bruxelles-Capitale,Bruxelles,Bars et cafés,bar spectacle / lieu public,Festival café-concerts bruxellois,contact via Court-Circuit / Stoemp! / festivals.be contact form,,https://www.court-circuit.live/,https://www.festivals.be/contact/,a qualifier,a qualifier,C,contact via site,Completer/contact selon calendrier.,Enrichissement fin: contact direct Stoemp non confirme; passer par Court-Circuit ou Festivals.be.,Bars spectacles publics Belgique - Facebook et lieux 2024-2026 - Nyllo Canella.csv
Belgique,Bruxelles-Capitale,Bruxelles-Capitale,Bruxelles / Uccle,Salle 1180,bar spectacle / lieu public,Festival culturel africain,salle1180@uccle.brussels,02/605.11.80 / 02/348.65.16,https://www.uccle.be/fr/vie-pratique/enfance-et-jeunesse/jeunesse/salle-1180,https://www.uccle.be/fr/vie-pratique/enfance-et-jeunesse/jeunesse/salle-1180,world-music,world music,B,verifie email,Completer/contact selon calendrier.,Événement public culture togolaise à Bruxelles,Bars spectacles publics Belgique - Facebook et lieux 2024-2026 - Nyllo Canella.csv
Belgique,Bruxelles-Capitale,Bruxelles-Capitale,Bruxelles,Centre Culturel Jacques Franck,bar spectacle / lieu public,Festival culturel africain,à vérifier,,https://diasmecom.com/,https://diasmecom.com/events/categorie/festival/page/2/?eventDisplay=past,world-music,world music,B,à vérifier,Completer/contact selon calendrier.,8e édition African Culture Festival,Bars spectacles publics Belgique - Facebook et lieux 2024-2026 - Nyllo Canella.csv
Belgique,Bruxelles-Capitale,Bruxelles-Capitale,Bruxelles,Café Béguin,bar spectacle / lieu public,Café concert / jam,à vérifier,,https://diasmecom.com/,https://diasmecom.com/events/categorie/festival/page/2/?eventDisplay=past,world-music,world music,A,à vérifier,Contacter en premier avec message personnalise Nyllo.,Édition spéciale Afro Jam coordonnée par Diese Mbangue,Bars spectacles publics Belgique - Facebook et lieux 2024-2026 - Nyllo Canella.csv
Belgique,Bruxelles-Capitale,Bruxelles-Capitale,Bruxelles,Toots Jazz Club,bar spectacle / lieu public,Club jazz / live,à vérifier,,à vérifier,https://www.visit.brussels/en/visitors/agenda/theatre-music-cabaret--heart-warming-venues-in-brussels,world-music | house-music,afro/world/house,B,à vérifier,Completer/contact selon calendrier.,"Nouveau club jazz installé en 2025, concerts et jam sessions cinq soirs par semaine",Bars spectacles publics Belgique - Facebook et lieux 2024-2026 - Nyllo Canella.csv
Belgique,Bruxelles-Capitale,Bruxelles-Capitale,Bruxelles,Art Base,bar spectacle / lieu public,Lieu concert / jazz / world / classique,contact via site / +32 2 217 29 20,,https://www.art-base.be/,https://www.bandsintown.com/v/10017581-art-base,world-music,world music,B,à contacter,Completer/contact selon calendrier.,"Téléphone confirmé +32 2 217 29 20 ; pas d’email direct fiable trouvé, contacter via site ou téléphone.",Bars spectacles publics Belgique - Facebook et lieux 2024-2026 - Nyllo Canella.csv
Belgique,Bruxelles-Capitale,Bruxelles-Capitale,Bruxelles,Atelier Marcel Hastir,bar spectacle / lieu public,Lieu culturel / musique traditionnelle,admin@ateliermarcelhastir.eu,,https://ateliermarcelhastir.eu/contact/,https://ateliermarcelhastir.eu/contact/,a qualifier,a qualifier,B,à contacter,Completer/contact selon calendrier.,Email administratif confirmé ; email réservation/concerts ateliermarcelhastir@gmail.com aussi listé par Visit Brussels/Facebook.,Bars spectacles publics Belgique - Facebook et lieux 2024-2026 - Nyllo Canella.csv
Belgique,Bruxelles-Capitale,Bruxelles-Capitale,Bruxelles,Motown Concerts,bar spectacle / lieu public,Programmation concerts,à vérifier,,à vérifier,https://www.visit.brussels/en/visitors/what-to-do/brussels-concert-life/classical-modern-en-jazz-music,a qualifier,a qualifier,B,à vérifier,Completer/contact selon calendrier.,À vérifier pour format A SELVA,Bars spectacles publics Belgique - Facebook et lieux 2024-2026 - Nyllo Canella.csv
Belgique,Wallonie,Hainaut,Chapelle-lez-Herlaimont,Centre Culturel d'Herlaimont Chapelle,bar spectacle / lieu public,Centre culturel / spectacle public,secretariat.cch@7160.be,,https://www.centreculturelchapelle.com/,https://linktr.ee/centrecultureldechapelle,a qualifier,a qualifier,A,à contacter,Contacter en premier avec message personnalise Nyllo.,Téléphone : 064 43 13 35 ; contact trouvé via Facebook / site officiel,Bars spectacles publics Belgique - Facebook et lieux 2024-2026 - Nyllo Canella.csv
Belgique,Wallonie,Liege,Pepinster,Events Pepinster,bar spectacle / lieu public,Événements publics / organisation locale,chris.epn@pepinster.be,,http://www.eventspepinster.be/,http://www.eventspepinster.be/,a qualifier,a qualifier,B,à contacter,Completer/contact selon calendrier.,"Téléphone : 0496 90 29 72 ; adresse : Rue la Nô 51, 4860 Pepinster",Bars spectacles publics Belgique - Facebook et lieux 2024-2026 - Nyllo Canella.csv
Belgique,Flandre,Anvers,Anvers,House of Lagos,bar spectacle / lieu public,Événements afro-house / afrobeat / club,houseoflagosofficial@gmail.com,,à compléter,à compléter,world-music | afro-house | house-music,afro/world/house,A,à contacter,Contacter en premier avec message personnalise Nyllo.,Email fourni ; site et liens sociaux à compléter,Bars spectacles publics Belgique - Facebook et lieux 2024-2026 - Nyllo Canella.csv
Belgique,Bruxelles-Capitale,Bruxelles-Capitale,Bruxelles,Botanique,salle culturelle / espace culturel,Centre culturel / concerts,info@botanique.be,+32 2 218 37 32,https://botanique.be/,https://botanique.be/fr/contact,world-music | house-music,afro/world/house,A,à contacter,Contacter en premier avec message personnalise Nyllo.,Salle concert et centre culturel ; bon pour world/electro/live,Salles espaces culturels Belgique - Nyllo Canella.csv
Belgique,Bruxelles-Capitale,Bruxelles-Capitale,Bruxelles,Ancienne Belgique,salle culturelle / espace culturel,Salle de concerts,info@abconcerts.be,02 548 24 84,https://www.abconcerts.be/,https://www.abconcerts.be/en/contact,a qualifier,a qualifier,A,à contacter,Contacter en premier avec message personnalise Nyllo.,Grande salle musiques actuelles ; demander relais programmation,Salles espaces culturels Belgique - Nyllo Canella.csv
Belgique,Bruxelles-Capitale,Bruxelles-Capitale,Bruxelles,Bozar,salle culturelle / espace culturel,Centre for Fine Arts / musique / arts vivants,info@bozar.be,+32 2 507 84 30,https://www.bozar.be/,https://www.bozar.be/fr/node/5153,a qualifier,a qualifier,A,à contacter,Contacter en premier avec message personnalise Nyllo.,Contact général ; demander transfert vers Music Strategy & Programming,Salles espaces culturels Belgique - Nyllo Canella.csv
Belgique,Bruxelles-Capitale,Bruxelles-Capitale,Etterbeek,Le Senghor,salle culturelle / espace culturel,Centre culturel / programmation,reservation@senghor.be,02 230 31 40,https://www.senghor.be/,https://www.senghor.be/infos-pratiques/acces-contact/,a qualifier,a qualifier,A,à contacter,Contacter en premier avec message personnalise Nyllo.,"Centre culturel ; email billetterie/contact, demander programmation",Salles espaces culturels Belgique - Nyllo Canella.csv
Belgique,Bruxelles-Capitale,Bruxelles-Capitale,Etterbeek,Le Senghor - programmation théâtre,salle culturelle / espace culturel,Programmation théâtre,e.poznanski@senghor.be,02 230 31 40,https://www.senghor.be/,https://www.senghor.be/le-senghor/equipe/,a qualifier,a qualifier,B,à contacter,Completer/contact selon calendrier.,Contact nominatif programmatrice théâtre ; utiliser si le contact général ne répond pas,Salles espaces culturels Belgique - Nyllo Canella.csv
Belgique,Bruxelles-Capitale,Bruxelles-Capitale,Bruxelles,Centre Culturel Bruegel,salle culturelle / espace culturel,Centre culturel,info@ccbruegel.be,02 503 42 68,https://ccbruegel.be/,https://ccbruegel.be/infos-pratiques/,a qualifier,a qualifier,A,à contacter,Contacter en premier avec message personnalise Nyllo.,Centre culturel Bruxelles ; bon contact général,Salles espaces culturels Belgique - Nyllo Canella.csv
Belgique,Bruxelles-Capitale,Bruxelles-Capitale,Bruxelles,Centre Culturel Bruegel - direction,salle culturelle / espace culturel,Direction centre culturel,martin.smets@ccbruegel.be,02 503 42 68,https://ccbruegel.be/,https://ccbruegel.be/infos-pratiques/,a qualifier,a qualifier,B,à contacter,Completer/contact selon calendrier.,Contact direction ; utiliser en relance ciblée,Salles espaces culturels Belgique - Nyllo Canella.csv
Belgique,Bruxelles-Capitale,Bruxelles-Capitale,Bruxelles,Atelier 210,salle culturelle / espace culturel,Salle / théâtre / musique,eve@atelier210.be,+32 2 732 25 98,https://atelier210.be/,https://atelier210.be/infos/contact/,a qualifier,a qualifier,A,à contacter,Contacter en premier avec message personnalise Nyllo.,Téléphone confirmé via Visit Brussels/Facebook ; emails musique et production déjà exploitables.,Salles espaces culturels Belgique - Nyllo Canella.csv
Belgique,Bruxelles-Capitale,Bruxelles-Capitale,Bruxelles,Atelier 210 - concerts,salle culturelle / espace culturel,Production concerts,sarah@atelier210.be,+32 2 732 25 98,https://atelier210.be/,https://atelier210.be/infos/contact/,a qualifier,a qualifier,A,à contacter,Contacter en premier avec message personnalise Nyllo.,Téléphone confirmé via Visit Brussels/Facebook ; contact production concerts déjà exploitable.,Salles espaces culturels Belgique - Nyllo Canella.csv
Belgique,Wallonie,Hainaut,Charleroi,Eden Charleroi,salle culturelle / espace culturel,Centre culturel / musiques actuelles,info@eden-charleroi.be,071 202 995,https://www.eden-charleroi.be/,https://www.eden-charleroi.be/eden/equipe/,a qualifier,a qualifier,A,à contacter,Contacter en premier avec message personnalise Nyllo.,Centre culturel avec programmation musiques actuelles,Salles espaces culturels Belgique - Nyllo Canella.csv
Belgique,Wallonie,Hainaut,Charleroi,Eden Charleroi - programmation musiques,salle culturelle / espace culturel,Programmation musiques actuelles,info@eden-charleroi.be,071 202 980,https://www.eden-charleroi.be/,https://www.eden-charleroi.be/eden/equipe/,a qualifier,a qualifier,A,à contacter,Contacter en premier avec message personnalise Nyllo.,La page cite Nathalie De Lattre comme programmatrice musiques actuelles mais l'email nominatif n'est pas visible,Salles espaces culturels Belgique - Nyllo Canella.csv
Belgique,Wallonie,Namur,Namur,Le Delta,salle culturelle / espace culturel,Espace culturel provincial,info@ledelta.be,081 77 67 73,https://www.ledelta.be/,https://www.ledelta.be/infos-pratiques/contacts/,a qualifier,a qualifier,A,à contacter,Contacter en premier avec message personnalise Nyllo.,"Espace culturel majeur à Namur ; concerts, expos, location salles",Salles espaces culturels Belgique - Nyllo Canella.csv
Belgique,Wallonie,Hainaut,Mons,Mars - Mons arts de la scène,salle culturelle / espace culturel,Arts de la scène / lieux culturels,public@surmars.be,+32 65 39 59 39,https://surmars.be/,https://surmars.be/infos-pratiques/contact,a qualifier,a qualifier,A,à contacter,Contacter en premier avec message personnalise Nyllo.,"Mars gère plusieurs lieux : Théâtre le Manège, Maison Folie, Arsonic, Théâtre Royal",Salles espaces culturels Belgique - Nyllo Canella.csv
Belgique,Wallonie,Hainaut,Mons,La P'tite Maison Folie,salle culturelle / espace culturel,Espace culturel / tiers-lieu,info@maisonfolie.be,+32 65 39 59 12,https://maisonfolie.surmars.be/,https://maisonfolie.surmars.be/,house-music,club/house/electro,A,à contacter,Contacter en premier avec message personnalise Nyllo.,Espace ouvert et salles réservables ; bon format after/workshop/live,Salles espaces culturels Belgique - Nyllo Canella.csv
Belgique,Flandre,Anvers,Anvers / Borgerhout,De Roma,salle culturelle / espace culturel,Salle de concerts / culture,info@deroma.be,+32 3 600 16 70,https://www.deroma.be/,https://www.deroma.be/en/your-visit/contact,a qualifier,a qualifier,A,à contacter,Contacter en premier avec message personnalise Nyllo.,Grande salle ; contact général,Salles espaces culturels Belgique - Nyllo Canella.csv
Belgique,Flandre,Anvers,Anvers / Borgerhout,De Roma - accueil,salle culturelle / espace culturel,Balie / contact salle,balie@deroma.be,+32 3 600 16 70,https://www.deroma.be/,https://www.deroma.be/en/your-visit/contact,a qualifier,a qualifier,B,à contacter,Completer/contact selon calendrier.,Contact accueil ; demander relais programmation,Salles espaces culturels Belgique - Nyllo Canella.csv
Belgique,Flandre,Flandre orientale,Gand,VIERNULVIER / Vooruit,salle culturelle / espace culturel,Kunstencentrum / arts vivants,info@viernulvier.gent,09 267 28 20,https://www.viernulvier.gent/,https://www.viernulvier.gent/,a qualifier,a qualifier,A,à contacter,Contacter en premier avec message personnalise Nyllo.,Centre artistique majeur à Gand ; demander relais programmation,Salles espaces culturels Belgique - Nyllo Canella.csv
Belgique,Flandre,Brabant flamand,Leuven,Het Depot,salle culturelle / espace culturel,Salle de concerts / musique,info@hetdepot.be,+32 16 22 06 03,https://www.hetdepot.be/,https://www.hetdepot.be/general-conditions,a qualifier,a qualifier,A,verifie email,Contacter en premier avec message personnalise Nyllo.,Email et téléphone confirmés par page contact Het Depot / Leuven Convention Bureau.,Salles espaces culturels Belgique - Nyllo Canella.csv
Belgique,Flandre,Limbourg belge,Genk,C-mine,salle culturelle / espace culturel,Centre culturel / arts / musique,c-mine@genk.be,+32 89 65 44 90,https://c-mine.be/,https://c-mine.be/,a qualifier,a qualifier,A,à contacter,Contacter en premier avec message personnalise Nyllo.,Centre culturel de Genk ; bon relais Limbourg,Salles espaces culturels Belgique - Nyllo Canella.csv
Belgique,Flandre,a verifier,Ostende,De Grote Post,salle culturelle / espace culturel,Cultuurcentrum / espace culturel,benieuwd@degrotepost.be,059 56 85 00,https://www.degrotepost.be/,https://www.degrotepost.be/contact-de-grote-post-oostende-jg6y,a qualifier,a qualifier,A,à contacter,Contacter en premier avec message personnalise Nyllo.,Centre culturel et eventlocatie ; bon relais côte belge,Salles espaces culturels Belgique - Nyllo Canella.csv
Belgique,Flandre,Flandre occidentale,Bruges,Cactus Muziekcentrum,salle culturelle / espace culturel,Salle / musique actuelle,info@cactusmusic.be,+32 50 33 20 14,https://cactusmusic.be/,https://www.cactusmusic.be/EN/Info/contact,world-music | house-music,afro/world/house,A,à contacter,Contacter en premier avec message personnalise Nyllo.,Musiques actuelles ; très compatible live/world/electro,Salles espaces culturels Belgique - Nyllo Canella.csv
Belgique,Bruxelles-Capitale,Bruxelles-Capitale,Bruxelles,Service de la Culture,commune / programmation culture,Programmation / culture,culture@brucity.be,02 279 64 20,https://www.bruxelles.be/culture,https://www.bruxelles.be/departement-culture-jeunesse-sports,a qualifier,a qualifier,A,à contacter,Contacter en premier avec message personnalise Nyllo.,Service culture officiel ; utile pour programmation culturelle,Services programmation villes Belgique - Nyllo Canella.csv
Belgique,Bruxelles-Capitale,Bruxelles-Capitale,Bruxelles,Cellule Évènements,commune / programmation culture,Événements publics,events@brucity.be,02 279 50 41,https://www.bruxelles.be/organisation-evenement,https://www.bruxelles.be/directory-2077,a qualifier,a qualifier,A,à contacter,Contacter en premier avec message personnalise Nyllo.,Concerts et événements dans l’espace public ; Open Air 2026,Services programmation villes Belgique - Nyllo Canella.csv
Belgique,Bruxelles-Capitale,Bruxelles-Capitale,Bruxelles,Visit Brussels Agenda,commune / programmation culture,Promotion agenda culturel,partner.services@visit.brussels,+32 2 513 89 40,https://www.visit.brussels/,https://www.visit.brussels/fr/professionnels/partners/faq-partenaires/partenaires-culturels,a qualifier,a qualifier,B,à contacter,Completer/contact selon calendrier.,Pour encoder / promouvoir une date culturelle à Bruxelles,Services programmation villes Belgique - Nyllo Canella.csv
Belgique,Bruxelles-Capitale,Bruxelles-Capitale,Ixelles,Service Culture,commune / programmation culture,Programmation / salles / soutien,culture@ixelles.brussels,02 515 64 63,https://culture.ixelles.be/fr/soutien/,https://culture.ixelles.be/fr/soutien/,a qualifier,a qualifier,A,à contacter,Contacter en premier avec message personnalise Nyllo.,Le service propose une programmation culturelle dans ses salles et l’espace public,Services programmation villes Belgique - Nyllo Canella.csv
Belgique,Bruxelles-Capitale,Bruxelles-Capitale,Ixelles,Cellule événements,commune / programmation culture,Événements publics,events@ixelles.brussels,à compléter,https://culture.ixelles.be/,https://lesamisdmamere.be/rouverture-des-lieux-culturels-et-organisation-devenements-a-ixelles/,a qualifier,a qualifier,B,à contacter,Completer/contact selon calendrier.,Pour événements sur voie publique / autorisation ; source secondaire à confirmer | Contact recoupé depuis autre fichier booking le 13/08/2026.,Services programmation villes Belgique - Nyllo Canella.csv
Belgique,Bruxelles-Capitale,Bruxelles-Capitale,Saint-Gilles,Service Culture,commune / programmation culture,Programmation / Fête de la Musique,culture@stgilles.brussels,+32 2 534 56 05,https://stgilles.brussels/services/culture/,https://stgilles.brussels/services/culture/,a qualifier,a qualifier,A,à contacter,Contacter en premier avec message personnalise Nyllo.,Service Culture ; Fête de la Musique et événements publics,Services programmation villes Belgique - Nyllo Canella.csv
Belgique,Bruxelles-Capitale,Bruxelles-Capitale,Saint-Gilles,Service Culture - Maison des Cultures,commune / programmation culture,Programmation culturelle,jroussel@stgilles.brussels,02 534 56 05,https://www.saintgillesculture.brussels/,https://mdc1060.brussels/organisateur/service-de-la-culture-de-la-commune-de-saint-gilles/,a qualifier,a qualifier,A,à contacter,Contacter en premier avec message personnalise Nyllo.,Contact direct organisateur Culture Saint-Gilles,Services programmation villes Belgique - Nyllo Canella.csv
Belgique,Bruxelles-Capitale,Bruxelles-Capitale,Schaerbeek,Culture Française,commune / programmation culture,Programmation / culture locale,culture@1030.be,02 240 34 99,https://www.1030.be/,https://www.1030.be/fr/annuaire-des-services-communaux/culture-francaise,a qualifier,a qualifier,A,à contacter,Contacter en premier avec message personnalise Nyllo.,"Programmation pour citoyens, artistes et acteurs culturels locaux",Services programmation villes Belgique - Nyllo Canella.csv
Belgique,Bruxelles-Capitale,Bruxelles-Capitale,Forest,Service événements / promotion,commune / programmation culture,Événements publics,infoforest@forest.brussels,02 370 22 11,https://forest.brussels/,https://forest.irisnet.be/fr/demarches/culture-evenements/demander-lautorisation-pour-un-evenement,a qualifier,a qualifier,B,à contacter,Completer/contact selon calendrier.,Pour promotion d’événement via réseaux sociaux / agenda ; formulaire pour autorisation,Services programmation villes Belgique - Nyllo Canella.csv
Belgique,Bruxelles-Capitale,Bruxelles-Capitale,Molenbeek,Service Culture francophone,commune / programmation culture,Programmation / culture locale,culture.1080@molenbeek.irisnet.be,02 415 86 03,https://www.molenbeek.irisnet.be/,https://www.molenbeek.irisnet.be/fr/je-visite/culture/service-de-la-culture-francophone,a qualifier,a qualifier,A,à contacter,Contacter en premier avec message personnalise Nyllo.,"Organisation de manifestations culturelles, concerts, expositions",Services programmation villes Belgique - Nyllo Canella.csv
Belgique,Bruxelles-Capitale,Bruxelles-Capitale,Molenbeek,Service Événements,commune / programmation culture,Événements publics,festivites.1080@molenbeek.irisnet.be,02 563 00 72 / 02 563 00 71,https://www.molenbeek.irisnet.be/,https://www.molenbeek.irisnet.be/nl/ik-bezoek/evenementen/dienst-evenementen,a qualifier,a qualifier,B,à contacter,Completer/contact selon calendrier.,Soutient les associations dans leurs projets d’événements,Services programmation villes Belgique - Nyllo Canella.csv
Belgique,Bruxelles-Capitale,Bruxelles-Capitale,Anderlecht,Service Événements,commune / programmation culture,Événements publics,eventanderlecht@anderlecht.brussels,02 436 65 30 / +32 499 96 62 07 / +32 498 58 88 95,https://www.anderlecht.be/,https://anderlecht.be/index.php/fr/node/271,a qualifier,a qualifier,A,à contacter,Contacter en premier avec message personnalise Nyllo.,"Service événements, demandes d’événements publics",Services programmation villes Belgique - Nyllo Canella.csv
Belgique,Bruxelles-Capitale,Bruxelles-Capitale,Anderlecht,Service Culture,commune / programmation culture,Programmation / culture locale,cultuur@anderlecht.brussels,02 558 08 92,https://www.anderlecht.be/,https://www.anderlecht.be/nl/diensten-vrije-tijd,a qualifier,a qualifier,B,à contacter,Completer/contact selon calendrier.,Contact culture néerlandophone / commune,Services programmation villes Belgique - Nyllo Canella.csv
Belgique,Wallonie,Hainaut,Mons,Service événements,commune / programmation culture,Événements publics,evenements@ville.mons.be,+32 65 40 52 70,https://www.mons.be/,https://www.mons.be/fr/ma-commune/administration/tous-les-services-communaux/evenements/service-evenements,a qualifier,a qualifier,A,à contacter,Contacter en premier avec message personnalise Nyllo.,Gestion festivités et événements portés par la Ville + support aux tiers,Services programmation villes Belgique - Nyllo Canella.csv
Belgique,Wallonie,Hainaut,Mons,Mons Culture.be,commune / programmation culture,ASBL culturelle locale,monsculture.be@gmail.com,0468 42 51 35,https://www.monsculture.be/,https://www.monsculture.be/,a qualifier,a qualifier,B,à contacter,Completer/contact selon calendrier.,"ASBL locale : concerts, Fête de la Musique, spectacles",Services programmation villes Belgique - Nyllo Canella.csv
Belgique,Wallonie,Namur,Namur,Service Culture,commune / programmation culture,Programmation / culture / événements,culture@ville.namur.be,+32 81 24 71 18 / +32 81 24 71 60,https://www.namur.be/,https://www.namur.be/fr/loisirs/culture/service-de-la-culture,a qualifier,a qualifier,A,à contacter,Contacter en premier avec message personnalise Nyllo.,"Fête de la Musique, Namusiq’, Ciné-concerts, projets publics",Services programmation villes Belgique - Nyllo Canella.csv
Belgique,Wallonie,Namur,Namur,Citadelle de Namur - événements culturels,commune / programmation culture,Programmation événementielle,delphine.soeur@citadelle.namur.be,+32 81 24 73 75,https://citadelle.namur.be/,https://citadelle.namur.be/fr/contactez-nous,a qualifier,a qualifier,A,à contacter,Contacter en premier avec message personnalise Nyllo.,Chargée événementielle ; site événementiel fort à Namur,Services programmation villes Belgique - Nyllo Canella.csv
Belgique,Wallonie,Namur,Namur,Citadelle de Namur - événements culturels,commune / programmation culture,Programmation événementielle,melanie.celeghin@citadelle.namur.be,+32 81 24 73 74,https://citadelle.namur.be/,https://citadelle.namur.be/fr/contactez-nous,a qualifier,a qualifier,A,à contacter,Contacter en premier avec message personnalise Nyllo.,Chargée événementielle ; deuxième contact,Services programmation villes Belgique - Nyllo Canella.csv
Belgique,Wallonie,Liege,Liège,Fête de la Musique Liège,commune / programmation culture,Programmation musique / ville / collectif,info@fetedelamusiqueliege.be,04 221 42 10,https://www.fetedelamusiqueliege.be/,https://www.fetedelamusiqueliege.be/,a qualifier,a qualifier,A,à contacter,Contacter en premier avec message personnalise Nyllo.,Organisation Ville de Liège + PAC Liège ; nombreux programmateurs publics,Services programmation villes Belgique - Nyllo Canella.csv
Belgique,Wallonie,Liege,Liège,Échevinat Culture Ville de Liège,commune / programmation culture,Culture / Fête de la Musique,echevinat.clotuche@liege.be,04 258 61 13,https://www.liege.be/,https://www.liege.be/fr/vie-communale/vie-politique/college-communal/communiques-du-college-communal/communiques-du-college-communal-2025/communique-du-college-communal-du-06-06-2025,a qualifier,a qualifier,A,à contacter,Contacter en premier avec message personnalise Nyllo.,Contact téléphone culture Ville de Liège mentionné pour Fête de la Musique | Email échevinat repéré sur communication publique Ville de Liège ; téléphone 04 258 61 13 conservé.,Services programmation villes Belgique - Nyllo Canella.csv
Belgique,Wallonie,Liege,Liège,Liège Culture Pro,commune / programmation culture,Agenda / plateforme culturelle,contact@liegeculture.be,à compléter,https://pro.liegeculture.be/,https://pro.liegeculture.be/,a qualifier,a qualifier,B,à contacter,Completer/contact selon calendrier.,Plateforme pour opérateurs culturels et événements liégeois | Contact recoupé depuis autre fichier booking le 13/08/2026.,Services programmation villes Belgique - Nyllo Canella.csv
Belgique,Wallonie,Hainaut,Charleroi,Ville de Charleroi - culture,commune / programmation culture,Culture / cabinet échevine,julie.patte@charleroi.be,071 86 10 32 / 071 86 10 41,https://www.charleroi.be/thematique/culture,https://www.charleroi.be/vie-communale/college-communal,a qualifier,a qualifier,A,à contacter,Contacter en premier avec message personnalise Nyllo.,"1ère échevine : Culture, enseignement et formation",Services programmation villes Belgique - Nyllo Canella.csv
Belgique,Wallonie,Hainaut,Charleroi,Ville de Charleroi - conseiller culture,commune / programmation culture,Culture / cabinet,pascal.verhulst@charleroi.be,à compléter,https://www.charleroi.be/,https://www.charleroi.be/vie-communale/college-communal,a qualifier,a qualifier,A,à contacter,Contacter en premier avec message personnalise Nyllo.,Conseiller culture au cabinet de Julie Patte | Contact recoupé depuis autre fichier booking le 13/08/2026.,Services programmation villes Belgique - Nyllo Canella.csv
Belgique,Wallonie,Hainaut,Charleroi,Eden / Centre culturel régional de Charleroi,commune / programmation culture,Centre culturel régional,info@eden-charleroi.be,071 20 29 95,https://www.eden-charleroi.be/,https://www.charleroi.be/annuaire/centres-culturels,a qualifier,a qualifier,A,à contacter,Contacter en premier avec message personnalise Nyllo.,Centre culturel régional ; fort potentiel pour date,Services programmation villes Belgique - Nyllo Canella.csv
Belgique,Wallonie,Hainaut,Charleroi,CEME Charleroi,commune / programmation culture,Équipement / événements,info@ceme.be,071 23 98 50,https://www.ceme.be/,https://www.charleroi.be/annuaire/centres-culturels,a qualifier,a qualifier,B,à contacter,Completer/contact selon calendrier.,Espace meeting / événements,Services programmation villes Belgique - Nyllo Canella.csv
Belgique,Flandre,Limbourg belge,Genk,Stad Genk - Dienst Cultuur,commune / programmation culture,Service culture,cultuur@genk.be,089 65 38 12 / 089 65 38 13,https://www.genk.be/cultuur,https://www.genk.be/cultuur,bresil | world-music,bresil/percussions/world,A,à contacter,Contacter en premier avec message personnalise Nyllo.,Ville très intéressante : Afro-Latino Festival / réseaux culturels,Services programmation villes Belgique - Nyllo Canella.csv
Belgique,Flandre,Limbourg belge,Genk,Stad Genk - échevin culture,commune / programmation culture,Culture / politique culturelle,harun.solak@genk.be,089 65 36 14,https://www.genk.be/,https://www.genk.be/cbs,a qualifier,a qualifier,B,à contacter,Completer/contact selon calendrier.,"Échevin culture, vivre ensemble, politique mondiale",Services programmation villes Belgique - Nyllo Canella.csv
Belgique,Flandre,Anvers,Anvers,Stad Antwerpen - Regie Kunst en Cultuur,commune / programmation culture,Politique artistique / scènes,kunstenbeleid@antwerpen.be,à compléter,https://www.antwerpen.be/info/kunstenbeleid,https://www.antwerpen.be/contact/regie-kunst-cultuur,a qualifier,a qualifier,A,à contacter,Contacter en premier avec message personnalise Nyllo.,Questions sur politique artistique et soutien culture | Contact recoupé depuis autre fichier booking le 13/08/2026.,Services programmation villes Belgique - Nyllo Canella.csv
Belgique,Flandre,Anvers,Anvers,Stad Antwerpen - Podia & culturele ontmoeting,commune / programmation culture,Coordination scènes / rencontre culturelle,angela.schellekens@antwerpen.be,à compléter,https://magazine.antwerpen.be/cultuur-stad-antwerpen/contact,https://magazine.antwerpen.be/cultuur-stad-antwerpen/contact,a qualifier,a qualifier,A,à contacter,Contacter en premier avec message personnalise Nyllo.,Netwerkcoördinator podia & culturele ontmoeting | Contact recoupé depuis autre fichier booking le 13/08/2026.,Services programmation villes Belgique - Nyllo Canella.csv
Belgique,Flandre,Anvers,Anvers,Stad Antwerpen - Kunstenbeleid,commune / programmation culture,Coordination politique artistique,karen.vandenberghe@antwerpen.be,à compléter,https://magazine.antwerpen.be/cultuur-stad-antwerpen/contact,https://magazine.antwerpen.be/cultuur-stad-antwerpen/contact,a qualifier,a qualifier,B,à contacter,Completer/contact selon calendrier.,Coördinator kunstenbeleid | Contact recoupé depuis autre fichier booking le 13/08/2026.,Services programmation villes Belgique - Nyllo Canella.csv
Belgique,Flandre,Anvers,Anvers,District Borgerhout - équipe culture,commune / programmation culture,Culture locale / Borgerrio,cultuurantenne.borgerhout@antwerpen.be,0491 966 772 / 03 338 18 14,https://www.antwerpen.be/,https://www.antwerpen.be/info/63fc7655102c771937526132/contacteer-team-cultuur,a qualifier,a qualifier,A,à contacter,Contacter en premier avec message personnalise Nyllo.,"Très pertinent : district divers, Borgerrio, événements locaux",Services programmation villes Belgique - Nyllo Canella.csv
Belgique,Flandre,Flandre orientale,Gand,Cultuur Gent,commune / programmation culture,Service culture / programmation,cultuur@stad.gent,09 323 61 80,https://cultuur.stad.gent/nl/contact,https://cultuur.stad.gent/nl/contact,a qualifier,a qualifier,A,à contacter,Contacter en premier avec message personnalise Nyllo.,Service culture officiel de la Ville de Gand,Services programmation villes Belgique - Nyllo Canella.csv
Belgique,Flandre,Flandre orientale,Gand,Artiest zkt...,commune / programmation culture,Dispositif artistes / organisateurs,artiestzkt@stad.gent,09 323 61 80,https://stad.gent/nl/cultuur-vrije-tijd/zelf-een-evenement-organiseren/artiest-zkt-boek-een-artiestact,https://stad.gent/nl/cultuur-vrije-tijd/zelf-een-evenement-organiseren/artiest-zkt-boek-een-artiestact,a qualifier,a qualifier,A,à contacter,Contacter en premier avec message personnalise Nyllo.,Dispositif artistes et organisateurs locaux,Services programmation villes Belgique - Nyllo Canella.csv
Belgique,Flandre,a verifier,Louvain,Stad Leuven - Dienst cultuur,commune / programmation culture,Service culture / programmation,directie.cultuur@leuven.be,016 27 22 87,https://www.leuven.be/contact/dienst-cultuur,https://www.leuven.be/contact/dienst-cultuur,a qualifier,a qualifier,A,à contacter,Contacter en premier avec message personnalise Nyllo.,Service culture officiel,Services programmation villes Belgique - Nyllo Canella.csv
Belgique,Flandre,Flandre occidentale,Bruges,Projectsubsidie culturele activiteit,commune / programmation culture,Projets culturels / événements,cultuurcoach@brugge.be,050 44 8000,https://www.brugge.be/vrije-tijd/organiseren-van-evenementen/evenementsubsidies/projectsubsidie-culturele-activiteit,https://www.brugge.be/vrije-tijd/organiseren-van-evenementen/evenementsubsidies/projectsubsidie-culturele-activiteit,a qualifier,a qualifier,A,à contacter,Contacter en premier avec message personnalise Nyllo.,Contact direct pour projets culturels,Services programmation villes Belgique - Nyllo Canella.csv
Belgique,Flandre,Flandre occidentale,Bruges,Cultuurcentrum Brugge,commune / programmation culture,Programmation culturelle / salle,cultuurcentrum@brugge.be,050 44 30 40,http://www.cultuurcentrumbrugge.be/,https://www.brugge.be/activiteiten/openingsavond-tentoonstelling-inventing-obsessions,a qualifier,a qualifier,A,à contacter,Contacter en premier avec message personnalise Nyllo.,Centre culturel municipal,Services programmation villes Belgique - Nyllo Canella.csv
Belgique,Flandre,a verifier,Ostende,Stad Oostende - dienst Cultuur,commune / programmation culture,Service culture / salles,cultuur@oostende.be,059 25 88 20,https://www.oostende.be/cultuur,https://www.oostende.be/forumzaal-bib,a qualifier,a qualifier,A,à contacter,Contacter en premier avec message personnalise Nyllo.,Service Culture officiel,Services programmation villes Belgique - Nyllo Canella.csv
Belgique,Flandre,a verifier,Ostende,Cultuurcentrum De Grote Post,commune / programmation culture,Centre culturel / programmation,benieuwd@degrotepost.be,059 56 85 00,https://www.degrotepost.be/,https://www.oostende.be/cultuurcentrum-de-grote-post,a qualifier,a qualifier,A,à contacter,Contacter en premier avec message personnalise Nyllo.,Grand centre culturel d’Ostende,Services programmation villes Belgique - Nyllo Canella.csv
Belgique,Wallonie,Hainaut,Tournai,Ville de Tournai - Service culture et musées,commune / programmation culture,Culture / événements majeurs,culture@tournai.be,+32 69 59 08 20,https://www.tournai.be/services-communaux/culture-et-musees,https://www.tournai.be/services-communaux/culture-et-musees,a qualifier,a qualifier,A,à contacter,Contacter en premier avec message personnalise Nyllo.,Événements culturels majeurs,Services programmation villes Belgique - Nyllo Canella.csv
Belgique,Wallonie,a verifier,Wavre,Ville de Wavre - Culture et Événements,commune / programmation culture,Service culture / événements,culture-evenements@wavre.be,010 232 627,https://www.wavre.be/culture-et-evenements,https://www.wavre.be/culture-et-evenements,a qualifier,a qualifier,A,à contacter,Contacter en premier avec message personnalise Nyllo.,Service dédié culture et événements,Services programmation villes Belgique - Nyllo Canella.csv
Belgique,Wallonie,a verifier,Wavre,Ville de Wavre - cadastre culturel,commune / programmation culture,Réseau acteurs culturels,culture@wavre.be,010 23 03 11,https://www.wavre.be/cadastre-culturel,https://www.wavre.be/cadastre-culturel,a qualifier,a qualifier,B,à contacter,Completer/contact selon calendrier.,Référencement artistes et structures culturelles,Services programmation villes Belgique - Nyllo Canella.csv
Belgique,Wallonie,a verifier,La Louvière,Ville de La Louvière - Animation de la Cité,commune / programmation culture,Événements publics / grands événements,accueil@lalouviere.be,+32 64 27 78 11,https://www.lalouviere.be/ma-ville/service-communaux/animation-de-la-cite-et-protocole,https://www.lalouviere.be/ma-ville/service-communaux/animation-de-la-cite-et-protocole,a qualifier,a qualifier,A,à contacter,Contacter en premier avec message personnalise Nyllo.,"Email direct non trouvé dans la source consultée | Email général communal UVCW ; service Animation de la Cité joignable au +32 64 27 78 11, utiliser pour transfert programmation/événement.",Services programmation villes Belgique - Nyllo Canella.csv
Belgique,Flandre,Limbourg belge,Hasselt,Festivals.be,festival,,borstvoeding@ucll.be,,https://www.pukkelpop.be/,https://www.festivals.be/organisateur/pkp-festival/,a qualifier,a qualifier,C,email trouve,Completer/contact selon calendrier.,,Festivals Belgique.xlsx/Belgique festivals.be
Belgique,Flandre,Limbourg belge,Hasselt,Festivals.be,festival,,hello@pukkelpop.be,,https://www.pukkelpop.be/,https://www.festivals.be/organisateur/pkp-festival/,a qualifier,a qualifier,C,email trouve,Completer/contact selon calendrier.,,Festivals Belgique.xlsx/Belgique festivals.be
Belgique,Flandre,Limbourg belge,Hasselt,Festivals.be,festival,,privacy@pukkelpop.be,,https://www.pukkelpop.be/,https://www.festivals.be/organisateur/pkp-festival/,a qualifier,a qualifier,C,email trouve,Completer/contact selon calendrier.,,Festivals Belgique.xlsx/Belgique festivals.be
Belgique,Flandre,Limbourg belge,Hasselt,Festivals.be,festival,,pukkelpop@inter.vlaanderen,,https://www.pukkelpop.be/,https://www.festivals.be/organisateur/pkp-festival/,a qualifier,a qualifier,C,email trouve,Completer/contact selon calendrier.,,Festivals Belgique.xlsx/Belgique festivals.be
Belgique,Flandre,Limbourg belge,Hasselt,Festivals.be,festival,,pukkelpop@mobilelocker.eu,,https://www.pukkelpop.be/,https://www.festivals.be/organisateur/pkp-festival/,a qualifier,a qualifier,C,email trouve,Completer/contact selon calendrier.,,Festivals Belgique.xlsx/Belgique festivals.be
Belgique,Flandre,Limbourg belge,Hasselt,Festivals.be,festival,,servicedesk@pptickets.be,,https://www.pukkelpop.be/,https://www.festivals.be/organisateur/pkp-festival/,a qualifier,a qualifier,C,email trouve,Completer/contact selon calendrier.,,Festivals Belgique.xlsx/Belgique festivals.be
Belgique,Bruxelles-Capitale,Bruxelles-Capitale,Bruxelles,Festivals.be,festival,,info@flb.be,,https://flb.be/,https://www.festivals.be/organisateur/foire-du-libre-de-bruxelles/,a qualifier,a qualifier,C,email trouve,Completer/contact selon calendrier.,,Festivals Belgique.xlsx/Belgique festivals.be
Belgique,Wallonie,Namur,Namur,Festivals.be,festival,,alejandrodiazfraga@prisme-namur.be,,https://www.tccnamur.be,https://www.festivals.be/organisateur/theatre-de-namur/,a qualifier,a qualifier,C,email trouve,Completer/contact selon calendrier.,,Festivals Belgique.xlsx/Belgique festivals.be
Belgique,Wallonie,Namur,Namur,Festivals.be,festival,,amandinezurbuchen@prisme-namur.be,,https://www.tccnamur.be,https://www.festivals.be/organisateur/theatre-de-namur/,a qualifier,a qualifier,C,email trouve,Completer/contact selon calendrier.,,Festivals Belgique.xlsx/Belgique festivals.be
Belgique,Wallonie,Namur,Namur,Festivals.be,festival,,arielleharcq@prisme-namur.be,,https://www.tccnamur.be,https://www.festivals.be/organisateur/theatre-de-namur/,a qualifier,a qualifier,C,email trouve,Completer/contact selon calendrier.,,Festivals Belgique.xlsx/Belgique festivals.be
Belgique,Wallonie,Namur,Namur,Festivals.be,festival,,benedicteruelle@prisme-namur.be,,https://www.tccnamur.be,https://www.festivals.be/organisateur/theatre-de-namur/,a qualifier,a qualifier,C,email trouve,Completer/contact selon calendrier.,,Festivals Belgique.xlsx/Belgique festivals.be
Belgique,Wallonie,Namur,Namur,Festivals.be,festival,,billetterie@prisme-namur.be,,https://www.tccnamur.be,https://www.festivals.be/organisateur/theatre-de-namur/,a qualifier,a qualifier,C,email trouve,Completer/contact selon calendrier.,,Festivals Belgique.xlsx/Belgique festivals.be
Belgique,Wallonie,Namur,Namur,Festivals.be,festival,,ceciledelvigne@prisme-namur.be,,https://www.tccnamur.be,https://www.festivals.be/organisateur/theatre-de-namur/,a qualifier,a qualifier,C,email trouve,Completer/contact selon calendrier.,,Festivals Belgique.xlsx/Belgique festivals.be
Belgique,Wallonie,Namur,Namur,Festivals.be,festival,,charlottedemesmaeker@prisme-namur.be,,https://www.tccnamur.be,https://www.festivals.be/organisateur/theatre-de-namur/,a qualifier,a qualifier,C,email trouve,Completer/contact selon calendrier.,,Festivals Belgique.xlsx/Belgique festivals.be
Belgique,Wallonie,Namur,Namur,Festivals.be,festival,,dorotheegorges@prisme-namur.be,,https://www.tccnamur.be,https://www.festivals.be/organisateur/theatre-de-namur/,a qualifier,a qualifier,C,email trouve,Completer/contact selon calendrier.,,Festivals Belgique.xlsx/Belgique festivals.be
Belgique,Wallonie,Namur,Namur,Festivals.be,festival,,elisabethmercatoris@prisme-namur.be,,https://www.tccnamur.be,https://www.festivals.be/organisateur/theatre-de-namur/,a qualifier,a qualifier,C,email trouve,Completer/contact selon calendrier.,,Festivals Belgique.xlsx/Belgique festivals.be
Belgique,Wallonie,Namur,Namur,Festivals.be,festival,,elisabruart@prisme-namur.be,,https://www.tccnamur.be,https://www.festivals.be/organisateur/theatre-de-namur/,a qualifier,a qualifier,C,email trouve,Completer/contact selon calendrier.,,Festivals Belgique.xlsx/Belgique festivals.be
Belgique,Wallonie,Namur,Namur,Festivals.be,festival,,fredericjomouton@prisme-namur.be,,https://www.tccnamur.be,https://www.festivals.be/organisateur/theatre-de-namur/,a qualifier,a qualifier,C,email trouve,Completer/contact selon calendrier.,,Festivals Belgique.xlsx/Belgique festivals.be
Belgique,Wallonie,Namur,Namur,Festivals.be,festival,,info.centreculturel@prisme-namur.be,,https://www.tccnamur.be,https://www.festivals.be/organisateur/theatre-de-namur/,a qualifier,a qualifier,C,email trouve,Completer/contact selon calendrier.,,Festivals Belgique.xlsx/Belgique festivals.be
Belgique,Wallonie,Namur,Namur,Festivals.be,festival,,info.theatre@prisme-namur.be,,https://www.tccnamur.be,https://www.festivals.be/organisateur/theatre-de-namur/,a qualifier,a qualifier,C,email trouve,Completer/contact selon calendrier.,,Festivals Belgique.xlsx/Belgique festivals.be
Belgique,Wallonie,Namur,Namur,Festivals.be,festival,,jamilahadiy@prisme-namur.be,,https://www.tccnamur.be,https://www.festivals.be/organisateur/theatre-de-namur/,a qualifier,a qualifier,C,email trouve,Completer/contact selon calendrier.,,Festivals Belgique.xlsx/Belgique festivals.be
Belgique,Wallonie,Namur,Namur,Festivals.be,festival,,jeanfrancoisflamey@prisme-namur.be,,https://www.tccnamur.be,https://www.festivals.be/organisateur/theatre-de-namur/,a qualifier,a qualifier,C,email trouve,Completer/contact selon calendrier.,,Festivals Belgique.xlsx/Belgique festivals.be
Belgique,Wallonie,Namur,Namur,Festivals.be,festival,,justinedufrasne@prisme-namur.be,,https://www.tccnamur.be,https://www.festivals.be/organisateur/theatre-de-namur/,a qualifier,a qualifier,C,email trouve,Completer/contact selon calendrier.,,Festivals Belgique.xlsx/Belgique festivals.be
Belgique,Wallonie,Namur,Namur,Festivals.be,festival,,lauradumont@prisme-namur.be,,https://www.tccnamur.be,https://www.festivals.be/organisateur/theatre-de-namur/,a qualifier,a qualifier,C,email trouve,Completer/contact selon calendrier.,,Festivals Belgique.xlsx/Belgique festivals.be
Belgique,Wallonie,Namur,Namur,Festivals.be,festival,,lucdumont@prisme-namur.be,,https://www.tccnamur.be,https://www.festivals.be/organisateur/theatre-de-namur/,a qualifier,a qualifier,C,email trouve,Completer/contact selon calendrier.,,Festivals Belgique.xlsx/Belgique festivals.be
Belgique,Wallonie,Namur,Namur,Festivals.be,festival,,marceauwalraevens@prisme-namur.be,,https://www.tccnamur.be,https://www.festivals.be/organisateur/theatre-de-namur/,a qualifier,a qualifier,C,email trouve,Completer/contact selon calendrier.,,Festivals Belgique.xlsx/Belgique festivals.be
Belgique,Wallonie,Namur,Namur,Festivals.be,festival,,mariedefreyne@prisme-namur.be,,https://www.tccnamur.be,https://www.festivals.be/organisateur/theatre-de-namur/,a qualifier,a qualifier,C,email trouve,Completer/contact selon calendrier.,,Festivals Belgique.xlsx/Belgique festivals.be
Belgique,Wallonie,Namur,Namur,Festivals.be,festival,,mathieuquertinmont@prisme-namur.be,,https://www.tccnamur.be,https://www.festivals.be/organisateur/theatre-de-namur/,a qualifier,a qualifier,C,email trouve,Completer/contact selon calendrier.,,Festivals Belgique.xlsx/Belgique festivals.be
Belgique,Wallonie,Namur,Namur,Festivals.be,festival,,mathildastock@prisme-namur.be,,https://www.tccnamur.be,https://www.festivals.be/organisateur/theatre-de-namur/,a qualifier,a qualifier,C,email trouve,Completer/contact selon calendrier.,,Festivals Belgique.xlsx/Belgique festivals.be
Belgique,Wallonie,Namur,Namur,Festivals.be,festival,,melaniedelva@prisme-namur.be,,https://www.tccnamur.be,https://www.festivals.be/organisateur/theatre-de-namur/,a qualifier,a qualifier,C,email trouve,Completer/contact selon calendrier.,,Festivals Belgique.xlsx/Belgique festivals.be
Belgique,Wallonie,Namur,Namur,Festivals.be,festival,,melanielinkens@prisme-namur.be,,https://www.tccnamur.be,https://www.festivals.be/organisateur/theatre-de-namur/,a qualifier,a qualifier,C,email trouve,Completer/contact selon calendrier.,,Festivals Belgique.xlsx/Belgique festivals.be
Belgique,Wallonie,Namur,Namur,Festivals.be,festival,,mireillefabry@prisme-namur.be,,https://www.tccnamur.be,https://www.festivals.be/organisateur/theatre-de-namur/,a qualifier,a qualifier,C,email trouve,Completer/contact selon calendrier.,,Festivals Belgique.xlsx/Belgique festivals.be
Belgique,Wallonie,Namur,Namur,Festivals.be,festival,,myriamtrolle@prisme-namur.be,,https://www.tccnamur.be,https://www.festivals.be/organisateur/theatre-de-namur/,a qualifier,a qualifier,C,email trouve,Completer/contact selon calendrier.,,Festivals Belgique.xlsx/Belgique festivals.be
Belgique,Wallonie,Namur,Namur,Festivals.be,festival,,nicolasmormaque@prisme-namur.be,,https://www.tccnamur.be,https://www.festivals.be/organisateur/theatre-de-namur/,a qualifier,a qualifier,C,email trouve,Completer/contact selon calendrier.,,Festivals Belgique.xlsx/Belgique festivals.be
Belgique,Wallonie,Namur,Namur,Festivals.be,festival,,olivierstoffels@prisme-namur.be,,https://www.tccnamur.be,https://www.festivals.be/organisateur/theatre-de-namur/,a qualifier,a qualifier,C,email trouve,Completer/contact selon calendrier.,,Festivals Belgique.xlsx/Belgique festivals.be
Belgique,Wallonie,Namur,Namur,Festivals.be,festival,,pascalepalmers@prisme-namur.be,,https://www.tccnamur.be,https://www.festivals.be/organisateur/theatre-de-namur/,a qualifier,a qualifier,C,email trouve,Completer/contact selon calendrier.,,Festivals Belgique.xlsx/Belgique festivals.be
Belgique,Wallonie,Namur,Namur,Festivals.be,festival,,sarahweck@prisme-namur.be,,https://www.tccnamur.be,https://www.festivals.be/organisateur/theatre-de-namur/,a qualifier,a qualifier,C,email trouve,Completer/contact selon calendrier.,,Festivals Belgique.xlsx/Belgique festivals.be
Belgique,Wallonie,Namur,Namur,Festivals.be,festival,,sebastienlenouvel@prisme-namur.be,,https://www.tccnamur.be,https://www.festivals.be/organisateur/theatre-de-namur/,a qualifier,a qualifier,C,email trouve,Completer/contact selon calendrier.,,Festivals Belgique.xlsx/Belgique festivals.be
Belgique,Wallonie,Namur,Namur,Festivals.be,festival,,silviaportillo@prisme-namur.be,,https://www.tccnamur.be,https://www.festivals.be/organisateur/theatre-de-namur/,a qualifier,a qualifier,C,email trouve,Completer/contact selon calendrier.,,Festivals Belgique.xlsx/Belgique festivals.be
Belgique,Wallonie,Namur,Namur,Festivals.be,festival,,stevielardoux@prisme-namur.be,,https://www.tccnamur.be,https://www.festivals.be/organisateur/theatre-de-namur/,a qualifier,a qualifier,C,email trouve,Completer/contact selon calendrier.,,Festivals Belgique.xlsx/Belgique festivals.be
Belgique,Wallonie,Namur,Namur,Festivals.be,festival,,sylviegerard@prisme-namur.be,,https://www.tccnamur.be,https://www.festivals.be/organisateur/theatre-de-namur/,a qualifier,a qualifier,C,email trouve,Completer/contact selon calendrier.,,Festivals Belgique.xlsx/Belgique festivals.be
Belgique,Wallonie,Namur,Namur,Festivals.be,festival,,thomascailliau@prisme-namur.be,,https://www.tccnamur.be,https://www.festivals.be/organisateur/theatre-de-namur/,a qualifier,a qualifier,C,email trouve,Completer/contact selon calendrier.,,Festivals Belgique.xlsx/Belgique festivals.be
Belgique,Wallonie,Namur,Namur,Festivals.be,festival,,thomasdobruszkes@prisme-namur.be,,https://www.tccnamur.be,https://www.festivals.be/organisateur/theatre-de-namur/,a qualifier,a qualifier,C,email trouve,Completer/contact selon calendrier.,,Festivals Belgique.xlsx/Belgique festivals.be
Belgique,Wallonie,Namur,Namur,Festivals.be,festival,,vincenthennebicq@prisme-namur.be,,https://www.tccnamur.be,https://www.festivals.be/organisateur/theatre-de-namur/,a qualifier,a qualifier,C,email trouve,Completer/contact selon calendrier.,,Festivals Belgique.xlsx/Belgique festivals.be
Belgique,Bruxelles-Capitale,Bruxelles-Capitale,Bruxelles,Botanique,festival,,accueil@botanique.be,,https://botanique.be/,https://www.festivals.be/organisateur/botanique/,a qualifier,a qualifier,C,verifie email,Completer/contact selon calendrier.,,Festivals Belgique.xlsx/Belgique festivals.be
Belgique,Bruxelles-Capitale,Bruxelles-Capitale,Bruxelles,Botanique,festival,,botacarte@botanique.be,,https://botanique.be/,https://www.festivals.be/organisateur/botanique/,a qualifier,a qualifier,C,verifie email,Completer/contact selon calendrier.,,Festivals Belgique.xlsx/Belgique festivals.be
Belgique,Bruxelles-Capitale,Bruxelles-Capitale,Bruxelles,Botanique,festival,,info@botanique.be,,https://botanique.be/,https://www.festivals.be/organisateur/botanique/,a qualifier,a qualifier,C,verifie email,Completer/contact selon calendrier.,,Festivals Belgique.xlsx/Belgique festivals.be
Belgique,Bruxelles-Capitale,Bruxelles-Capitale,Bruxelles,Botanique,festival,,tickets@botanique.be,,https://botanique.be/,https://www.festivals.be/organisateur/botanique/,a qualifier,a qualifier,C,verifie email,Completer/contact selon calendrier.,,Festivals Belgique.xlsx/Belgique festivals.be
Belgique,Wallonie,a verifier,Wallonie,Ancrage,festival,,ancrage@alises.eu,,https://www.ancrage.be/,https://www.festivals.be/organisateur/ancrage/,a qualifier,a qualifier,C,verifie email,Completer/contact selon calendrier.,,Festivals Belgique.xlsx/Belgique festivals.be
Belgique,Wallonie,a verifier,Wallonie,Ancrage,festival,,info@ancrage.be,,https://www.ancrage.be/,https://www.festivals.be/organisateur/ancrage/,a qualifier,a qualifier,C,verifie email,Completer/contact selon calendrier.,,Festivals Belgique.xlsx/Belgique festivals.be
Belgique,Wallonie,Hainaut,Dour,Festivals.be,festival,,cashless@dourfestival.eu,,https://www.dourfestival.eu,https://www.festivals.be/organisateur/dour-music-festival-s-a/,a qualifier,a qualifier,C,email trouve,Completer/contact selon calendrier.,,Festivals Belgique.xlsx/Belgique festivals.be
Belgique,Wallonie,Hainaut,Dour,Festivals.be,festival,,hello@dourfestival.eu,,https://www.dourfestival.eu,https://www.festivals.be/organisateur/dour-music-festival-s-a/,a qualifier,a qualifier,C,email trouve,Completer/contact selon calendrier.,,Festivals Belgique.xlsx/Belgique festivals.be
Belgique,Wallonie,Hainaut,Dour,Festivals.be,festival,,objetstrouves@communedour.be,,https://www.dourfestival.eu,https://www.festivals.be/organisateur/dour-music-festival-s-a/,a qualifier,a qualifier,C,email trouve,Completer/contact selon calendrier.,,Festivals Belgique.xlsx/Belgique festivals.be
Belgique,Wallonie,Hainaut,Charleroi,Festivals.be,festival,,contact@charleroi-danse.be,,https://charleroi-danse.be/,https://www.festivals.be/organisateur/charleroi-danse/,a qualifier,a qualifier,C,email trouve,Completer/contact selon calendrier.,,Festivals Belgique.xlsx/Belgique festivals.be
Belgique,Wallonie,Hainaut,Charleroi,Festivals.be,festival,,martin.dewez@charleroi-danse.be,,https://charleroi-danse.be/,https://www.festivals.be/organisateur/charleroi-danse/,a qualifier,a qualifier,C,email trouve,Completer/contact selon calendrier.,,Festivals Belgique.xlsx/Belgique festivals.be
Belgique,Wallonie,Hainaut,Charleroi,Festivals.be,festival,,stephanie@charleroi-danse.be,,https://charleroi-danse.be/,https://www.festivals.be/organisateur/charleroi-danse/,a qualifier,a qualifier,C,email trouve,Completer/contact selon calendrier.,,Festivals Belgique.xlsx/Belgique festivals.be
Belgique,Bruxelles-Capitale,Bruxelles-Capitale,Bruxelles,Salon Grrrabuge / Grrrabuge,festival,,contact via site / Instagram @grrrabuge,,https://www.salongrrrabuge.be/,https://www.salongrrrabuge.be/,a qualifier | house-music,a qualifier,B,contact via site,Completer/contact selon calendrier.,Natural wine festival a LaVallee Bruxelles avec concerts et DJ sets; pas de mail direct confirme.,Festivals Belgique.xlsx/Belgique festivals.be
Belgique,Wallonie,Liege,Vottem / Liege,Cinelabel / FIFCL,festival,,info@fifcl.be,,https://www.fifcl.be/,https://www.fifcl.be/conditions-generales-de-vente/,a qualifier,a qualifier,C,verifie email,Completer/contact selon calendrier.,"Cinelabel ASBL; contact public FIFCL. Film/humour, faible priorite Nyllo.",Festivals Belgique.xlsx/Belgique festivals.be
Belgique,Flandre,Anvers,Dessel,Graspop Metal Meeting,festival,,info@gmm.be,,https://www.graspop.be/en/contact,https://www.graspop.be/en/contact,a qualifier,a qualifier,C,verifie email,Completer/contact selon calendrier.,,Festivals Belgique.xlsx/Belgique festivals.be
Belgique,Flandre,Brabant flamand,Werchter,Rock Werchter,festival,,info@rockwerchter.be,,https://www.rockwerchter.be/en/contact,https://www.rockwerchter.be/en/disclaimer,a qualifier,a qualifier,C,verifie email,Completer/contact selon calendrier.,,Festivals Belgique.xlsx/Belgique festivals.be
Belgique,Wallonie,Liege,Liege,FIRL,festival,,contact via Festivals.be,,https://www.festivals.be/contact/,https://www.festivals.be/organisateur/firl/,a qualifier,a qualifier,C,a verifier,Completer/contact selon calendrier.,Organisateur FIRL non identifie avec certitude; passer par Festivals.be ou recherche manuelle ultérieure.,Festivals Belgique.xlsx/Belgique festivals.be
Belgique,Bruxelles-Capitale,Bruxelles-Capitale,Bruxelles,Genres d'a Cote / Pink Screens,festival,,info@gdac.org / gdac_logistique@gdac.org,+32 474 37 50 53,https://gdac.org/,https://www.visit.brussels/en/visitors/venue-details.Genres-d-a-cote-Pink-Screens.242526,a qualifier,a qualifier,C,verifie email,Completer/contact selon calendrier.,Festival/association queer cinema; contact public Visit Brussels/Facebook. Faible priorite musicale.,Festivals Belgique.xlsx/Belgique festivals.be
Belgique,Bruxelles-Capitale,Bruxelles-Capitale,Bruxelles,Ville de Bruxelles - festivals,festival,,contact via site Ville de Bruxelles,,https://www.bruxelles.be/,https://www.festivals.be/organisateur/ville-de-bruxelles/,a qualifier,a qualifier,C,contact via site,Completer/contact selon calendrier.,,Festivals Belgique.xlsx/Belgique festivals.be
Belgique,Flandre,Flandre orientale,Gent,Film Fest Gent,festival,"Muziek, Dans, Film",info@filmfestival.be,,https://www.filmfestival.be/,https://www.filmfestival.be/,a qualifier,a qualifier,C,verifie email,Completer/contact selon calendrier.,,Festivals Belgique.xlsx/Belgique festivals.be
Belgique,Flandre,Anvers,Meerhout,Groezrock,festival,,contact via site,,https://www.groezrock.be/,https://www.groezrock.be/,a qualifier,a qualifier,C,a verifier,Completer/contact selon calendrier.,Email non visible automatiquement | Enrichissement fin: pas de mail public confirme; hors cible Nyllo principal.,Festivals Belgique.xlsx/Belgique PlugTheJack
Belgique,Pays-Bas - hors Belgique,Drenthe,Emmen,Hello Festival / ex-Retropop,festival,,contact via site,,https://hellofestival.nl/,https://hellofestival.nl/,a qualifier,a qualifier,C,hors fichier Belgique,Completer/contact selon calendrier.,Email non visible automatiquement,Festivals Belgique.xlsx/Belgique PlugTheJack
Belgique,Bruxelles-Capitale,Bruxelles-Capitale,Près de Bruxelles,Paradise City Festival,festival,,info@paradisecity.be,,https://www.paradisecity.be/en/,https://www.paradisecity.be/en/,a qualifier,a qualifier,C,verifie email,Completer/contact selon calendrier.,Email non visible automatiquement,Festivals Belgique.xlsx/Belgique PlugTheJack
Belgique,Flandre,Anvers,Dessel,Graspop Metal Meeting,festival,,info@gmm.be,+32 3 321 02 11,https://www.graspop.be/en/contact,https://www.graspop.be/en/contact,a qualifier,a qualifier,C,verifie email,Completer/contact selon calendrier.,Email non visible automatiquement,Festivals Belgique.xlsx/Belgique PlugTheJack
Belgique,Bruxelles-Capitale,Bruxelles-Capitale,Bruxelles,Couleur Café,festival,,festival@couleurcafe.org,+32 2 227 59 60,https://www.couleurcafe.be/en/contact,https://www.couleurcafe.be/en/contact,a qualifier,a qualifier,C,verifie email,Completer/contact selon calendrier.,Email non visible automatiquement,Festivals Belgique.xlsx/Belgique PlugTheJack
Belgique,Wallonie,Liege,Spa,Festival Francofolies de Spa,festival,,info@francofolies.be / yoann@francofolies.be,087/292.870,https://francofolies.be/plus-de-francos/contacts/,https://francofolies.be/plus-de-francos/contacts/,a qualifier,a qualifier,C,verifie email,Completer/contact selon calendrier.,Email non visible automatiquement,Festivals Belgique.xlsx/Belgique PlugTheJack
Belgique,Flandre,Brabant flamand,Werchter,Rock Werchter,festival,,info@rockwerchter.be,+32 15 29 59 00,https://www.rockwerchter.be/en/contact,https://www.rockwerchter.be/en/disclaimer,a qualifier,a qualifier,C,verifie email,Completer/contact selon calendrier.,Email non visible automatiquement,Festivals Belgique.xlsx/Belgique PlugTheJack
Belgique,Wallonie,Liege,Liège,Les Ardentes,festival,,info@lesardentes.be,+32 4 290 31 10,https://lesardentes.be/contact/,https://lesardentes.be/contact/,a qualifier,a qualifier,C,verifie email,Completer/contact selon calendrier.,Email non visible automatiquement,Festivals Belgique.xlsx/Belgique PlugTheJack
Belgique,Flandre,Flandre occidentale,Bruges,Cactus Festival,festival,,info@cactusmusic.be,+32 50 33 20 14,https://www.cactusmusic.be/,https://www.cactusfestival.be/info/faq-en/,a qualifier,a qualifier,C,verifie email,Completer/contact selon calendrier.,Email non visible automatiquement,Festivals Belgique.xlsx/Belgique PlugTheJack
Belgique,Wallonie,Hainaut,Dour,Dour Festival,festival,,hello@dourfestival.eu,,https://www.dourfestival.eu/,https://www.dourfestival.eu/,a qualifier,a qualifier,C,verifie email,Completer/contact selon calendrier.,Email non visible automatiquement,Festivals Belgique.xlsx/Belgique PlugTheJack
Belgique,Flandre,Anvers,Boom,Tomorrowland,festival,,contact via Tomorrowland Account support form,,https://www.tomorrowland.com/,https://faq.tomorrowland.com/hc/en-us,a qualifier,a qualifier,C,contact via site,Completer/contact selon calendrier.,Email non visible automatiquement,Festivals Belgique.xlsx/Belgique PlugTheJack
Belgique,Flandre,Anvers,Boechout,Sfinks Mixed,festival,,info@sfinks.be,,https://www.sfinks.be/,https://www.sfinks.be/,a qualifier,a qualifier,C,verifie email,Completer/contact selon calendrier.,Email non visible automatiquement,Festivals Belgique.xlsx/Belgique PlugTheJack
Belgique,Flandre,Flandre orientale,Lokeren,Lokerse Feesten,festival,,info@lokersefeesten.be,,https://www.lokersefeesten.be/,https://www.lokersefeesten.be/,a qualifier,a qualifier,C,verifie email,Completer/contact selon calendrier.,Email non visible automatiquement,Festivals Belgique.xlsx/Belgique PlugTheJack
Belgique,Flandre,Anvers,Geel,Reggae Geel,festival,,info@reggaegeel.com,,https://www.reggaegeel.com/,https://www.reggaegeel.com/,world-music,world music,B,verifie email,Completer/contact selon calendrier.,Email non visible automatiquement,Festivals Belgique.xlsx/Belgique PlugTheJack
Belgique,Flandre,Anvers,Hoogstraten,Antilliaanse Feesten,festival,,info@antilliaansefeesten.be,,https://www.antilliaansefeesten.be/,https://www.antilliaansefeesten.be/,a qualifier,a qualifier,C,verifie email,Completer/contact selon calendrier.,Email non visible automatiquement,Festivals Belgique.xlsx/Belgique PlugTheJack
Belgique,Flandre,Limbourg belge,Hasselt,Pukkelpop,festival,,hello@pukkelpop.be,,https://www.pukkelpop.be/en/info,https://www.pukkelpop.be/en/info,a qualifier,a qualifier,C,verifie email,Completer/contact selon calendrier.,Email non visible automatiquement,Festivals Belgique.xlsx/Belgique PlugTheJack
Belgique,Flandre,Flandre occidentale,Courtrai,Alcatraz Hard Rock & Metal Festival,festival,,info@alcatraz.be,,https://www.alcatraz.be/,https://www.alcatraz.be/,a qualifier,a qualifier,C,verifie email,Completer/contact selon calendrier.,Email non visible automatiquement,Festivals Belgique.xlsx/Belgique PlugTheJack
Belgique,Flandre,Anvers,Anvers,Laundry Day,festival,,contact via site / Ampere partner contact@ampere-antwerp.be,,https://www.laundryday.be/,https://dutchculture.nl/en/organisation/laundry-day,a qualifier,a qualifier,C,contact public verifie,Completer/contact selon calendrier.,Email non visible automatiquement,Festivals Belgique.xlsx/Belgique PlugTheJack
Belgique,Wallonie,Liege,Verviers,FiestaCity,festival,,festivalfiestacity@gmail.com,,https://www.fiestacity.be/contact/,https://www.fiestacity.be/contact/,a qualifier,a qualifier,C,verifie email,Completer/contact selon calendrier.,Email non visible automatiquement,Festivals Belgique.xlsx/Belgique PlugTheJack
Belgique,Flandre,Flandre occidentale,Leffinge,Leffingeleuren,festival,,info@leffingeleurenfestival.be,,https://www.leffingeleurenfestival.be/,https://www.leffingeleurenfestival.be/,a qualifier,a qualifier,C,verifie email,Completer/contact selon calendrier.,Email non visible automatiquement,Festivals Belgique.xlsx/Belgique PlugTheJack
Belgique,Wallonie,Namur,Andenne,Bear Rock Festival,festival,,info@bear-rock.org,085/84.96.95 / +32 85 84 95 30,https://bear-rock.org/,https://bear-rock.org/archives/,a qualifier | house-music,a qualifier,B,verifie email,Completer/contact selon calendrier.,Email non visible automatiquement | Enrichissement fin: email Bear Rock Live ASBL confirme; formule electro samedi utile.,Festivals Belgique.xlsx/Belgique PlugTheJack
Belgique,Wallonie,Liege,Eupen,Eupen Music Marathon,festival,,contact via site,+32 87 59 46 20,https://www.eupenmusikmarathon.be/,https://www.ostbelgien.eu/en/events/fiche/2026-05-30/eupen-music-marathon,a qualifier,a qualifier,C,telephone verifie,Completer/contact selon calendrier.,Email non visible automatiquement,Festivals Belgique.xlsx/Belgique PlugTheJack
Belgique,Flandre,Limbourg belge,Genk,Absolutely Free Festival,festival,,info@aff.be,,https://aff.be/,https://aff.be/contact/,a qualifier,a qualifier,C,verifie email,Completer/contact selon calendrier.,Email non visible automatiquement,Festivals Belgique.xlsx/Belgique PlugTheJack
Belgique,Flandre,Flandre orientale,Gand,I Love Techno Europe,festival,,contact via site / Live Nation Belgium,,https://www.ilovetechno.be/,https://www.ilovetechno.be/,house-music,club/house/electro,B,contact via site,Completer/contact selon calendrier.,Email non visible automatiquement | Enrichissement fin: pas de mail direct confirme; passer par site/organisateur.,Festivals Belgique.xlsx/Belgique PlugTheJack
Belgique,Flandre,Flandre orientale,Gand,Gent Jazz Festival,festival,,info@gentjazz.com,+32 9 324 45 30,https://www.gentjazz.com/,https://www.gentjazz.com/en/info/general,world-music,world music,B,verifie email,Completer/contact selon calendrier.,Email non visible automatiquement,Festivals Belgique.xlsx/Belgique PlugTheJack
Belgique,Bruxelles-Capitale,Bruxelles-Capitale,Bruxelles,Ancienne Belgique AB,salle culturelle / concert / club,Nyllo utile: world/house/club/events,info@abconcerts.be,+32 2 548 24 84,https://www.abconcerts.be/,https://www.abconcerts.be/,world-music | house-music,afro/world/house,A,verifie email,Contacter en premier avec message personnalise Nyllo.,Ajout utile manuel source officielle,ajout utile manuel source officielle
Belgique,Bruxelles-Capitale,Bruxelles-Capitale,Bruxelles,Botanique,salle culturelle / concert,Nyllo utile: world/house/club/events,info@botanique.be,+32 2 218 37 32,https://botanique.be/,https://botanique.be/,world-music | house-music,afro/world/house,A,verifie email,Contacter en premier avec message personnalise Nyllo.,Ajout utile manuel source officielle,ajout utile manuel source officielle
Belgique,Bruxelles-Capitale,Bruxelles-Capitale,Bruxelles,VK Vaartkapoen,salle culturelle / club,Nyllo utile: world/house/club/events,info@vkconcerts.be,,https://www.vkconcerts.be/,https://www.vkconcerts.be/,world-music | house-music,afro/world/house,A,verifie email,Contacter en premier avec message personnalise Nyllo.,Ajout utile manuel source officielle,ajout utile manuel source officielle
Belgique,Bruxelles-Capitale,Bruxelles-Capitale,Bruxelles,Recyclart,salle culturelle / club / alternative,Nyllo utile: world/house/club/events,info@recyclart.be,,https://recyclart.be/,https://recyclart.be/,world-music | house-music,afro/world/house,A,verifie email,Contacter en premier avec message personnalise Nyllo.,Ajout utile manuel source officielle,ajout utile manuel source officielle
Belgique,Bruxelles-Capitale,Bruxelles-Capitale,Bruxelles,La Tricoterie,salle culturelle / events,Nyllo utile: world/house/club/events,info@tricoterie.be,+32 2 537 96 69,https://www.tricoterie.be/,https://www.tricoterie.be/,world-music | house-music,afro/world/house,B,verifie email,Completer/contact selon calendrier.,Ajout utile manuel source officielle,ajout utile manuel source officielle
Belgique,Bruxelles-Capitale,Bruxelles-Capitale,Bruxelles,Fuse Brussels,club / discotheque,Nyllo utile: world/house/club/events,info@fuse.be,,https://www.fuse.be/,https://www.fuse.be/,world-music | house-music,afro/world/house,B,verifie email,Completer/contact selon calendrier.,Ajout utile manuel source officielle,ajout utile manuel source officielle
Belgique,Bruxelles-Capitale,Bruxelles-Capitale,Bruxelles,C12 Brussels,club / electronic venue,Nyllo utile: world/house/club/events,booking@c12space.com / info@c12space.com,+32 474 13 95 44,https://c12space.com/practical/,https://c12space.com/practical/,world-music | house-music,afro/world/house,B,verifie email,Completer/contact selon calendrier.,Ajout utile manuel source officielle,ajout utile manuel source officielle
Belgique,Bruxelles-Capitale,Bruxelles-Capitale,Bruxelles,La Cabane,club / house music,Nyllo utile: world/house/club/events,hello@lacabaneclub.be / jade@lacabaneevent.be,,https://www.lacabane.club/,https://www.lacabane.club/,world-music | house-music,afro/world/house,B,verifie email,Completer/contact selon calendrier.,Ajout utile manuel source officielle,ajout utile manuel source officielle
Belgique,Wallonie,Liege,Liège,Reflektor,salle / club / concert,Nyllo utile: world/house/club/events,info@reflektor.be,,https://www.reflektor.be/,https://www.reflektor.be/,world-music | house-music,afro/world/house,A,verifie email,Contacter en premier avec message personnalise Nyllo.,Ajout utile manuel source officielle,ajout utile manuel source officielle
Belgique,Wallonie,Hainaut,Charleroi,Eden Charleroi,centre culturel,Nyllo utile: world/house/club/events,info@eden-charleroi.be,+32 71 202 995,https://www.eden-charleroi.be/,https://www.eden-charleroi.be/,world-music | house-music,afro/world/house,B,verifie email,Completer/contact selon calendrier.,Ajout utile manuel source officielle,ajout utile manuel source officielle
Belgique,Wallonie,Hainaut,Mons,Mars Mons arts de la scene,salle culturelle / arts scene,Nyllo utile: world/house/club/events,publics@surmars.be,,https://surmars.be/,https://surmars.be/,world-music | house-music,afro/world/house,B,verifie email,Completer/contact selon calendrier.,Ajout utile manuel source officielle,ajout utile manuel source officielle
Belgique,Wallonie,Namur,Namur,Delta Namur,centre culturel / events,Nyllo utile: world/house/club/events,info@ledelta.be,+32 81 77 67 73,https://www.ledelta.be/,https://www.ledelta.be/,world-music | house-music,afro/world/house,B,verifie email,Completer/contact selon calendrier.,Ajout utile manuel source officielle,ajout utile manuel source officielle
Belgique,Flandre,Anvers,Antwerpen,Trix Antwerp,concert venue / club,Nyllo utile: world/house/club/events,info@trixonline.be,+32 3 670 09 00,https://www.trixonline.be/,https://www.trixonline.be/,world-music | house-music,afro/world/house,A,verifie email,Contacter en premier avec message personnalise Nyllo.,Ajout utile manuel source officielle,ajout utile manuel source officielle
Belgique,Flandre,Flandre orientale,Gent,Vooruit / VIERNULVIER,arts centre / concert / club,Nyllo utile: world/house/club/events,info@viernulvier.gent,,https://www.viernulvier.gent/,https://www.viernulvier.gent/,world-music | house-music,afro/world/house,A,verifie email,Contacter en premier avec message personnalise Nyllo.,Ajout utile manuel source officielle,ajout utile manuel source officielle
Belgique,Flandre,Flandre orientale,Gent,Kompass Klub,club / discotheque,Nyllo utile: world/house/club/events,info@kompassklub.com,,https://visit.gent.be/en/see-do/kompass-klub,https://visit.gent.be/en/see-do/kompass-klub,world-music | house-music,afro/world/house,B,verifie email,Completer/contact selon calendrier.,Ajout utile manuel source officielle,ajout utile manuel source officielle
Belgique,Flandre,Brabant flamand,Leuven,Het Depot,concert venue,Nyllo utile: world/house/club/events,info@hetdepot.be,+32 16 22 06 03,https://www.hetdepot.be/,https://www.hetdepot.be/,world-music | house-music,afro/world/house,B,verifie email,Completer/contact selon calendrier.,Ajout utile manuel source officielle,ajout utile manuel source officielle
Belgique,Flandre,Limbourg belge,Hasselt,Muziekodroom,concert venue,Nyllo utile: world/house/club/events,info@muziekodroom.be,,https://www.muziekodroom.be/,https://www.muziekodroom.be/,world-music | house-music,afro/world/house,B,verifie email,Completer/contact selon calendrier.,Ajout utile manuel source officielle,ajout utile manuel source officielle
Belgique,Flandre,Flandre occidentale,Brugge,Cactus Muziekcentrum,festival / concert venue,Nyllo utile: world/house/club/events,info@cactusmusic.be,+32 50 33 20 14,https://www.cactusfestival.be/info/faq-en/,https://www.cactusfestival.be/info/faq-en/,world-music | house-music,afro/world/house,B,verifie email,Completer/contact selon calendrier.,Ajout utile manuel source officielle,ajout utile manuel source officielle
Belgique,Bruxelles-Capitale,Bruxelles-Capitale,Bruxelles,The Hotel Brussels,hotel event venue,Nyllo utile: world/house/club/events,meet@thehotel-brussels.be,+32 2 504 11 11,https://www.thehotel-brussels.be/meetings-events,https://www.thehotel-brussels.be/meetings-events,world-music | house-music,afro/world/house,B,verifie email,Completer/contact selon calendrier.,Ajout utile manuel source officielle,ajout utile manuel source officielle
Belgique,Bruxelles-Capitale,Bruxelles-Capitale,Bruxelles,Mix Brussels,hotel / event / rooftop style,Nyllo utile: world/house/club/events,events@mix.brussels,,https://mix.brussels/,https://mix.brussels/,world-music | house-music,afro/world/house,A,verifie email,Contacter en premier avec message personnalise Nyllo.,Ajout utile manuel source officielle,ajout utile manuel source officielle
