Pays,Region,Ville,Lieu,Type,Email,Telephone,Adresse,Site,Source_URL,Compatibilite_Nyllo,Priorite,Statut,Notes
France,Hauts-de-France,Lille,L'Aeronef,SMAC / salle de concerts,contact@aeronef.fr,03 20 13 50 00,"168 avenue Willy Brandt, Centre Commercial Euralille, 59777 Lille",https://aeronef.fr/,https://billetterie.aeronef.fr/sites/billetterie.aeronef.fr/files/la_billetterie/cgv/CGV%20Billetterie%20L%27A%C3%A9ronef_mars2025.pdf,Très forte,A,à contacter,Email général public ; l'équipe indique aussi un bouton/message vers le directeur artistique
France,Hauts-de-France,Lille,L'Aeronef - accompagnement artistes,Accompagnement / appels artistes,kickoff@aeronef.fr,03 20 13 50 00,"168 avenue Willy Brandt, Centre Commercial Euralille, 59777 Lille",https://aeronef.fr/,https://aeronef.fr/actualites/kickoff-25,Bonne,B,à contacter,Adresse pour dispositif artistes ; pas forcément programmation concert
France,Hauts-de-France,Lille,Le Flow,Centre cultures urbaines / concerts,flow@mairie-lille.fr,+33 3 62 14 59 52,"1 rue de Fontenoy, 59000 Lille",https://flow.lille.fr/,https://flow.lille.fr/nous-contacter,Très forte,A,à contacter,Très bon contact afro/urbain/danse ; déjà présent dans fichier services
France,Hauts-de-France,Lille,La Bulle Cafe / Maisons Folie,Salle / cafe-concert / DJ sets,mfmoulins@mairie-lille.fr,03 20 95 08 82,"47/49 rue d'Arras, 59000 Lille",https://maisonsfolie.lille.fr/la-bulle-cafe,https://maisonsfolie.lille.fr/la-bulle-cafe,Forte,A,à contacter,Email Maison Folie Moulins confirmé ; téléphone 03 20 95 08 82 ; demander relais La Bulle Café / programmation soirées.
France,Hauts-de-France,Tourcoing,Le Grand Mix,SMAC / salle de concerts,elise@legrandmix.com,03 20 70 10 00,"5 place Notre-Dame, 59200 Tourcoing",https://legrandmix.com/,https://legrandmix.com/,Très forte,A,à contacter,Contact direction trouvé sur page soutien Le Grand Mix ; téléphone général 03 20 70 10 00 conservé. Demander relais programmation.
France,Hauts-de-France,Roubaix,La Condition Publique,Tiers-lieu culturel / concerts / expositions,info@laconditionpublique.com,03 28 33 57 57,"14 place Faidherbe, 59100 Roubaix",https://laconditionpublique.com/,https://www.roubaixtourisme.com/avoir/la-condition-publique-2/,Très forte,A,à contacter,"Lieu culturel très compatible formats live, club, terrasse, afro-house"
France,Hauts-de-France,Tourcoing,Le Fresnoy,Studio national / arts contemporains / événements,accueil@lefresnoy.net,+33 3 20 28 38 00,"22 rue du Fresnoy, 59202 Tourcoing cedex",https://www.lefresnoy.net/,https://www.lefresnoy.net/en/ecole/etudiant/696,Bonne,B,à contacter,Contact accueil général ; demander relais événements artistiques
France,Hauts-de-France,Tourcoing,Le Fresnoy - événements artistiques,Responsable événements artistiques,ppronnier@lefresnoy.net,03 20 28 38 08,"22 rue du Fresnoy, 59202 Tourcoing cedex",https://www.lefresnoy.net/,https://www.lefresnoy.net/en/institution-en/teams/,Bonne,B,à contacter,Contact nominatif événements artistiques ; à utiliser pour proposition ciblée
France,Hauts-de-France,Amiens,La Lune des Pirates,SMAC / salle de concerts,contact@lalune.net,03 22 97 88 01,"17 quai Bélu / 58 bis rue Saint-Leu, 80000 Amiens",https://www.lalune.net/,https://www.lalune.net/infos/contact,Très forte,A,à contacter,Email et téléphone confirmés par page contact officielle.
France,Hauts-de-France,Amiens,Maison de la Culture d'Amiens,Scène nationale / programmation,accueil@mca-amiens.com,03 22 97 79 79,"2 place Léon Gontier, 80000 Amiens",https://www.maisondelaculture-amiens.com/,https://www.maisondelaculture-amiens.com/,Forte,A,à contacter,Scène nationale ; demander relais programmation musique/danse
France,Hauts-de-France,Oignies,9-9bis / Le Metaphone,Site culturel / musique actuelle,programmation@9-9bis.com,+33 3 21 08 08 00,"Rue du Tordoir, 62590 Oignies",https://9-9bis.com/,https://9-9bis.com/equipe/,Très forte,A,à contacter,Adresse dédiée pour jouer chez eux ; très bon contact
France,Hauts-de-France,Oignies,9-9bis - information generale,Site culturel / musique actuelle,info@9-9bis.com,+33 3 21 08 08 00,"Rue du Tordoir, 62590 Oignies",https://9-9bis.com/,https://9-9bis.com/infos-pratiques/,Forte,B,à contacter,Contact général en complément
France,Hauts-de-France,Dunkerque,Le Bateau Feu,Scène nationale / théâtre / musique,contact via formulaire / téléphone,03 28 51 40 40,"Place du Général-de-Gaulle, 59376 Dunkerque Cedex 1",https://www.lebateaufeu.com/,https://www.lebateaufeu.com/17-nous_contacter/,Bonne,B,à contacter,"Pas d’email clair trouvé ; téléphone billetterie/administration confirmé 03 28 51 40 40, formulaire officiel disponible."
France,Hauts-de-France,Arras,Le Pharos,Salle / espace culturel,pharos@ville-arras.fr,03 21 16 89 00,"4 rue Charles Péguy, 62000 Arras",https://www.pharos-arras.fr/,https://www.pharos-arras.fr/,Forte,A,à contacter,Salle culturelle de la Ville d'Arras ; utile pour concerts et événements
France,Hauts-de-France,Saint-Omer,La Barcarolle,EPCC spectacle vivant / salles culturelles,contact@labarcarolle.org,03 21 88 94 80,"Le Moulin à Café, Place du Maréchal Foch, 62500 Saint-Omer",https://www.labarcarolle.org/,https://www.labarcarolle.org/tarifs-et-informations-pratiques/,Forte,A,à contacter,EPCC avec plusieurs salles ; bon relais spectacle vivant
France,Hauts-de-France,Creil,La Faiencerie,Théâtre / complexe culturel,accueil@faiencerie-theatre.com,03 44 24 01 01,"Allée Nelson, CS 50012, 60104 Creil Cedex",https://faiencerie-theatre.com/,https://faiencerie-theatre.com/opera-au-cinema,Forte,A,à contacter,Complexe culturel avec théâtre et salle polyvalente La Manufacture
France,Normandie,Rouen,Le 106,SMAC / salle de concerts,programmation@le106.com,02 32 10 88 60,"Allée François Mitterrand, 76100 Rouen",https://le106.com/,https://le106.com/le-106/lequipe,Très forte,A,à contacter,Directeur / programmateur indiqué sur le site ; contact fort
France,Normandie,Rouen,Le 106 - programmateur adjoint,Programmation / production,hedi.hassouna@le106.com,02 32 10 88 60,"Allée François Mitterrand, 76100 Rouen",https://le106.com/,https://le106.com/le-106/lequipe,Très forte,A,à contacter,Programmateur adjoint ; utile en relance ciblée
France,Normandie,Sotteville-lès-Rouen,Le Trianon Transatlantique,Scène conventionnée / chanson / musiques francophones,paul.moulenes@trianontransatlantique.com,02 35 73 65 99,"114 avenue du 14 Juillet, 76300 Sotteville-lès-Rouen",https://trianontransatlantique.com/,https://trianontransatlantique.com/infos-contacts/contacts-equipe,Forte,A,à contacter,Direction-programmation ; contact direct
France,Normandie,Hérouville-Saint-Clair,Big Band Cafe,Salle de concerts,guillaume@bigbandcafe.com,02 31 47 49 48,"1 avenue du Haut Crépon, Site de la Fonderie, 14200 Hérouville-Saint-Clair",https://bigbandcafe.com/,https://bigbandcafe.com/contact/,Très forte,A,à contacter,Contact scène régionale confirmé ; téléphone salle général 02 31 47 96 13 en complément.
France,Normandie,Le Havre,Le Tetris,SMAC / salle de concerts,courrier@letetris.fr,02 35 19 00 38,"Fort de Tourneville, 33 rue du 329e RI, 76620 Le Havre",https://letetris.fr/,https://letetris.fr/mentions-legales,Très forte,A,à contacter,SMAC / musiques actuelles ; email éditeur public
France,Normandie,Le Havre,Le Volcan,Scène nationale,programmation@levolcan.com,à compléter,Le Havre,https://www.levolcan.com/,https://www.levolcan.com/contact-lequipe,Forte,A,à contacter,Email programmation trouvé sur page équipe Le Volcan ; email standard public publics@levolcan.com en complément. | Contact recoupé depuis autre fichier booking le 13/08/2026.
France,Normandie,Alençon,La Luciole,SMAC / salle de concerts,infos@laluciole.org,02 33 32 83 33,"171 rue de Bretagne, 61000 Alençon",https://www.laluciole.org/,https://www.laluciole.org/infos-pratiques/contact/,Très forte,A,à contacter,Scène musiques actuelles ; contact général fiable
France,Normandie,Alençon,La Luciole - studios / accompagnement,Accompagnement / répétition,damien@laluciole.org,02 33 32 53 42,"171 rue de Bretagne, 61000 Alençon",https://www.laluciole.org/,https://www.laluciole.org/accompagnement/repetition/,Bonne,B,à contacter,Contact accompagnement ; utile si angle artiste/résidence
France,Normandie,Évreux,Le Tangram / Le Kubb,Scène nationale / musiques actuelles,production@letangram.com,02 32 29 63 32,"1 bis boulevard de Normandie, 27000 Évreux",https://www.letangram.com/,https://epcc.letangram.com/fr/equipe-contacts,Forte,A,à contacter,Contact production interne ; demander relais programmation
France,Normandie,Évreux,Le Tangram - studios,Accompagnement musiques actuelles,studios@letangram.com,02 32 29 63 12,"1 bis boulevard de Normandie, 27000 Évreux",https://www.letangram.com/,https://epcc.letangram.com/fr/equipe-contacts,Bonne,B,à contacter,Contact accompagnement pratiques amateurs
France,Normandie,Dieppe,DSN Dieppe Scene Nationale,Scène nationale / spectacle vivant,direction@dsn.asso.fr,02 35 82 04 43,"Quai Bérigny, 76200 Dieppe",https://www.dsn.asso.fr/,https://dsn.asso.fr/saison24-25/dsn/equipe.php,Forte,A,à contacter,Contact direction visible ; demander relais programmation
France,Normandie,Dieppe,DSN - production / accueil compagnies,Production / accueil artistes,accueil.compagnie@dsn.asso.fr,02 32 14 65 71,"Quai Bérigny, 76200 Dieppe",https://www.dsn.asso.fr/,https://dsn.asso.fr/saison24-25/dsn/equipe.php,Forte,B,à contacter,Contact production/accueil compagnie
France,Normandie,Cherbourg-en-Cotentin,Le Trident,Scène nationale,laboite@trident-sn.com,à compléter,Cherbourg-en-Cotentin,https://www.trident-scenenationale.com/,https://www.trident-scenenationale.com/fr/equipe-et-contact,Forte,A,à contacter,Email général officiel ; demander relais programmation | Contact recoupé depuis autre fichier booking le 13/08/2026.
France,Normandie,Cherbourg-en-Cotentin,Le Trident - billetterie,Scène nationale / accueil,billetterie@sn-trident.com,à compléter,Cherbourg-en-Cotentin,https://www.trident-scenenationale.com/,https://www.trident-scenenationale.com/fr/equipe-et-contact,Moyenne,B,à contacter,Contact billetterie officiel ; utiliser seulement si besoin de relais | Contact recoupé depuis autre fichier booking le 13/08/2026.
